...1,index,sid,dyad,user_id,other_id,participant_condition,other_condition,question_content,measure,relationship,measure.p,measure.t
2,2,mk:prolific_participant_real_2:1,p1p5,mk:prolific_participant_real_2:1p1,mk:prolific_participant_real_2:1p5,U,U,conversation_quality,5,-0.0642399212913007,-0.957996568447244,0.291424234729294
0,0,mk:prolific_participant_real_2:1,p1p5,mk:prolific_participant_real_2:1p1,mk:prolific_participant_real_2:1p5,U,U,liked,4,-0.441582861886251,-1.20890427820962,0.225447287411424
1,1,mk:prolific_participant_real_2:1,p1p5,mk:prolific_participant_real_2:1p1,mk:prolific_participant_real_2:1p5,U,U,other_liked,4,-0.316923083529539,-1.03634735039893,0.130193069001861
3,3,mk:prolific_participant_real_2:1,p1p5,mk:prolific_participant_real_2:1p1,mk:prolific_participant_real_2:1p5,U,U,video_conf_quality,7,1.15754349361581,-0.536388004424936,-0.557107651343545
30,30,mk:prolific_participant_real_2:1,p2p5,mk:prolific_participant_real_2:1p2,mk:prolific_participant_real_2:1p5,S,S,conversation_quality,7,0.135716510286954,0.842046999974501,0.455044755303204
28,28,mk:prolific_participant_real_2:1,p2p5,mk:prolific_participant_real_2:1p2,mk:prolific_participant_real_2:1p5,S,S,liked,7,0.38111186768717,0.968400992216961,0.172376199542708
29,29,mk:prolific_participant_real_2:1,p2p5,mk:prolific_participant_real_2:1p2,mk:prolific_participant_real_2:1p5,S,S,other_liked,6,0.283043029920215,0.36368653615132,0.257453473892681
31,31,mk:prolific_participant_real_2:1,p2p5,mk:prolific_participant_real_2:1p2,mk:prolific_participant_real_2:1p5,S,S,video_conf_quality,7,0.263832061097008,0.357323428093868,0.543046496522241
62,62,mk:prolific_participant_real_2:1,p3p7,mk:prolific_participant_real_2:1p3,mk:prolific_participant_real_2:1p7,S,U,conversation_quality,4,-1.74454042055181,-0.345618634401907,-0.29967130334016
60,60,mk:prolific_participant_real_2:1,p3p7,mk:prolific_participant_real_2:1p3,mk:prolific_participant_real_2:1p7,S,U,liked,5,-1.18203755037347,-0.010757685909641,-0.152787896447625
61,61,mk:prolific_participant_real_2:1,p3p7,mk:prolific_participant_real_2:1p3,mk:prolific_participant_real_2:1p7,S,U,other_liked,6,-0.470204795266711,0.337092584456731,-0.0463346169892374
63,63,mk:prolific_participant_real_2:1,p3p7,mk:prolific_participant_real_2:1p3,mk:prolific_participant_real_2:1p7,S,U,video_conf_quality,6,0.876237935743454,0.335572636879617,-0.139044464043873
6,6,mk:prolific_participant_real_2:1,p1p5,mk:prolific_participant_real_2:1p5,mk:prolific_participant_real_2:1p1,U,U,conversation_quality,7,0.959743484414799,-0.299112816070826,-0.0257086071881885
4,4,mk:prolific_participant_real_2:1,p1p5,mk:prolific_participant_real_2:1p5,mk:prolific_participant_real_2:1p1,U,U,liked,7,1.53006686305475,-0.586603085502214,-0.180601794940175
5,5,mk:prolific_participant_real_2:1,p1p5,mk:prolific_participant_real_2:1p5,mk:prolific_participant_real_2:1p1,U,U,other_liked,6,0.719312759334263,-0.464265046788186,-0.261488784523597
7,7,mk:prolific_participant_real_2:1,p1p5,mk:prolific_participant_real_2:1p5,mk:prolific_participant_real_2:1p1,U,U,video_conf_quality,5,0.201093178831349,-0.486568655062132,0.536261383234796
42,42,mk:prolific_participant_real_2:1,p2p6,mk:prolific_participant_real_2:1p6,mk:prolific_participant_real_2:1p2,S,U,conversation_quality,7,0.36344030141211,0.133569846357952,-0.958798373056011
40,40,mk:prolific_participant_real_2:1,p2p6,mk:prolific_participant_real_2:1p6,mk:prolific_participant_real_2:1p2,S,U,liked,7,0.756042162196684,0.240492703224563,-0.835062483708602
41,41,mk:prolific_participant_real_2:1,p2p6,mk:prolific_participant_real_2:1p6,mk:prolific_participant_real_2:1p2,S,U,other_liked,6,0.135705993924017,-0.00791868626875925,-0.949141359219657
43,43,mk:prolific_participant_real_2:1,p2p6,mk:prolific_participant_real_2:1p6,mk:prolific_participant_real_2:1p2,S,U,video_conf_quality,7,0.372323521704056,0.242046854199375,-0.125635092255353
18,18,mk:prolific_participant_real_2:1,p1p7,mk:prolific_participant_real_2:1p7,mk:prolific_participant_real_2:1p1,S,S,conversation_quality,7,0.43646313442599,0.224167533917982,0.0422139580269851
16,16,mk:prolific_participant_real_2:1,p1p7,mk:prolific_participant_real_2:1p7,mk:prolific_participant_real_2:1p1,S,S,liked,6,-0.0957421509402723,0.0392059284928044,0.361706301247071
17,17,mk:prolific_participant_real_2:1,p1p7,mk:prolific_participant_real_2:1p7,mk:prolific_participant_real_2:1p1,S,S,other_liked,6,0.129893960265282,0.125153752280795,0.518352992357918
19,19,mk:prolific_participant_real_2:1,p1p7,mk:prolific_participant_real_2:1p7,mk:prolific_participant_real_2:1p1,S,S,video_conf_quality,4,-0.745282385473327,-0.540193090757455,-1.0543937001974
26,26,mk:prolific_participant_real_2:1,p1p8,mk:prolific_participant_real_2:1p8,mk:prolific_participant_real_2:1p1,S,U,conversation_quality,6,-0.742312970325574,0.402943638669546,0.495495335524881
24,24,mk:prolific_participant_real_2:1,p1p8,mk:prolific_participant_real_2:1p8,mk:prolific_participant_real_2:1p1,S,U,liked,6,-0.61470164813461,0.558165425687142,0.408922386895199
25,25,mk:prolific_participant_real_2:1,p1p8,mk:prolific_participant_real_2:1p8,mk:prolific_participant_real_2:1p1,S,U,other_liked,6,-0.427550498020949,0.682598210567026,0.35096522548003
27,27,mk:prolific_participant_real_2:1,p1p8,mk:prolific_participant_real_2:1p8,mk:prolific_participant_real_2:1p1,S,U,video_conf_quality,6,0.0863176926975555,0.628206831071662,0.796873028083131
86,86,mk:prolific_participant_real_2:2,p1p5,mk:prolific_participant_real_2:2p1,mk:prolific_participant_real_2:2p5,U,U,conversation_quality,6,0.340473341563393,0.0390263663397885,-0.275880389743381
84,84,mk:prolific_participant_real_2:2,p1p5,mk:prolific_participant_real_2:2p1,mk:prolific_participant_real_2:2p5,U,U,liked,7,1.23673370527843,0.110336171256171,-0.340681367450291
85,85,mk:prolific_participant_real_2:2,p1p5,mk:prolific_participant_real_2:2p1,mk:prolific_participant_real_2:2p5,U,U,other_liked,6,0.687859675240896,-0.0844664838578977,-0.410613404379951
87,87,mk:prolific_participant_real_2:2,p1p5,mk:prolific_participant_real_2:2p1,mk:prolific_participant_real_2:2p5,U,U,video_conf_quality,6,0.191570615011548,-0.136201010810004,0.271804703606499
114,114,mk:prolific_participant_real_2:2,p2p5,mk:prolific_participant_real_2:2p2,mk:prolific_participant_real_2:2p5,S,S,conversation_quality,6,0.114530888814776,0.264968819088406,0.330123212602403
112,112,mk:prolific_participant_real_2:2,p2p5,mk:prolific_participant_real_2:2p2,mk:prolific_participant_real_2:2p5,S,S,liked,6,0.372037997321478,-0.0249681207868786,0.237571583853828
113,113,mk:prolific_participant_real_2:2,p2p5,mk:prolific_participant_real_2:2p2,mk:prolific_participant_real_2:2p5,S,S,other_liked,6,0.642540594888112,-0.0391474035051136,0.181514872444999
115,115,mk:prolific_participant_real_2:2,p2p5,mk:prolific_participant_real_2:2p2,mk:prolific_participant_real_2:2p5,S,S,video_conf_quality,6,0.206676975129143,-0.151307370927599,0.0744286113315162
142,142,mk:prolific_participant_real_2:2,p3p5,mk:prolific_participant_real_2:2p3,mk:prolific_participant_real_2:2p5,U,S,conversation_quality,7,1.1350495626056,0.244450145297581,0.0594223870171433
140,140,mk:prolific_participant_real_2:2,p3p5,mk:prolific_participant_real_2:2p3,mk:prolific_participant_real_2:2p5,U,S,liked,6,0.0322891114250066,0.314780765109592,-0.0174170600043411
141,141,mk:prolific_participant_real_2:2,p3p5,mk:prolific_participant_real_2:2p3,mk:prolific_participant_real_2:2p5,U,S,other_liked,6,0.105268962799556,0.498124228583442,0.159921434190538
143,143,mk:prolific_participant_real_2:2,p3p5,mk:prolific_participant_real_2:2p3,mk:prolific_participant_real_2:2p5,U,S,video_conf_quality,7,0.6752349157182,0.380134688483344,-0.0231039259168844
174,174,mk:prolific_participant_real_2:2,p4p5,mk:prolific_participant_real_2:2p4,mk:prolific_participant_real_2:2p5,S,U,conversation_quality,4,-0.961833575415232,-0.658666716681586,-0.00995424058702365
172,172,mk:prolific_participant_real_2:2,p4p5,mk:prolific_participant_real_2:2p4,mk:prolific_participant_real_2:2p5,S,U,liked,4,-1.25909272451249,-0.393837398952908,0.10770501030816
173,173,mk:prolific_participant_real_2:2,p4p5,mk:prolific_participant_real_2:2p4,mk:prolific_participant_real_2:2p5,S,U,other_liked,4,-0.991614175221276,-0.404992633395726,0.0905448065863714
175,175,mk:prolific_participant_real_2:2,p4p5,mk:prolific_participant_real_2:2p4,mk:prolific_participant_real_2:2p5,S,U,video_conf_quality,5,-0.43552354782346703,-0.509106847974989,0.0881428188747835
90,90,mk:prolific_participant_real_2:2,p1p5,mk:prolific_participant_real_2:2p5,mk:prolific_participant_real_2:2p1,U,U,conversation_quality,7,1.84050958118741,0.25546391805013,0.440593401590982
88,88,mk:prolific_participant_real_2:2,p1p5,mk:prolific_participant_real_2:2p5,mk:prolific_participant_real_2:2p1,U,U,liked,7,1.68655470060924,0.345372517903646,0.344175974527994
89,89,mk:prolific_participant_real_2:2,p1p5,mk:prolific_participant_real_2:2p5,mk:prolific_participant_real_2:2p1,U,U,other_liked,6,1.18560375864544,0.148206075032553,0.31980323791504
91,91,mk:prolific_participant_real_2:2,p1p5,mk:prolific_participant_real_2:2p5,mk:prolific_participant_real_2:2p1,U,U,video_conf_quality,7,0.686640754578606,0.520000457763672,0.423076311747233
98,98,mk:prolific_participant_real_2:2,p1p6,mk:prolific_participant_real_2:2p6,mk:prolific_participant_real_2:2p1,U,S,conversation_quality,1,-2.81187485891675,-1.0921516418457,-0.740274111429851
96,96,mk:prolific_participant_real_2:2,p1p6,mk:prolific_participant_real_2:2p6,mk:prolific_participant_real_2:2p1,U,S,liked,1,-2.81295701814076,-1.15511576334635,-0.489320119222005
97,97,mk:prolific_participant_real_2:2,p1p6,mk:prolific_participant_real_2:2p6,mk:prolific_participant_real_2:2p1,U,S,other_liked,1,-2.50840665802123,-1.15778350830078,-0.319194157918295
99,99,mk:prolific_participant_real_2:2,p1p6,mk:prolific_participant_real_2:2p6,mk:prolific_participant_real_2:2p1,U,S,video_conf_quality,5,0.0758822910369394,-0.869241078694661,-1.2996613184611
106,106,mk:prolific_participant_real_2:2,p1p7,mk:prolific_participant_real_2:2p7,mk:prolific_participant_real_2:2p1,S,S,conversation_quality,6,0.479262836395749,0.616710662841795,0.468344052632649
104,104,mk:prolific_participant_real_2:2,p1p7,mk:prolific_participant_real_2:2p7,mk:prolific_participant_real_2:2p1,S,S,liked,6,0.505931328213405,0.525995890299479,0.358051300048828
105,105,mk:prolific_participant_real_2:2,p1p7,mk:prolific_participant_real_2:2p7,mk:prolific_participant_real_2:2p1,S,S,other_liked,6,0.65760896697877,0.67620086669922,0.180805842081706
107,107,mk:prolific_participant_real_2:2,p1p7,mk:prolific_participant_real_2:2p7,mk:prolific_participant_real_2:2p1,S,S,video_conf_quality,6,-0.146611198546394,0.353252410888672,0.589824358622233
170,170,mk:prolific_participant_real_2:2,p3p8,mk:prolific_participant_real_2:2p8,mk:prolific_participant_real_2:2p3,U,U,conversation_quality,5,-0.569527724432565,0.330198446909586,-0.272374312082928
168,168,mk:prolific_participant_real_2:2,p3p8,mk:prolific_participant_real_2:2p8,mk:prolific_participant_real_2:2p3,U,U,liked,5,-0.568773027450318,0.277435938517252,-0.200085322062176
169,169,mk:prolific_participant_real_2:2,p3p8,mk:prolific_participant_real_2:2p8,mk:prolific_participant_real_2:2p3,U,U,other_liked,5,-0.600583863636803,0.363858858744303,-0.202782630920409
171,171,mk:prolific_participant_real_2:2,p3p8,mk:prolific_participant_real_2:2p8,mk:prolific_participant_real_2:2p3,U,U,video_conf_quality,6,0.0890810905940969,0.412468751271565,-0.12451155980428
214,214,mk:prolific_participant_real_3:1,p2p5,mk:prolific_participant_real_3:1p2,mk:prolific_participant_real_3:1p5,S,S,conversation_quality,7,0.622844328703702,0.37715808256173,0.259343653549383
212,212,mk:prolific_participant_real_3:1,p2p5,mk:prolific_participant_real_3:1p2,mk:prolific_participant_real_3:1p5,S,S,liked,7,0.511317274305554,0.240053530092593,0.187680844907408
213,213,mk:prolific_participant_real_3:1,p2p5,mk:prolific_participant_real_3:1p2,mk:prolific_participant_real_3:1p5,S,S,other_liked,6,-0.216652199074076,-0.0123456790123448,0.217206790123459
215,215,mk:prolific_participant_real_3:1,p2p5,mk:prolific_participant_real_3:1p2,mk:prolific_participant_real_3:1p5,S,S,video_conf_quality,7,0.0170609085648152,0.327620978545095,-0.203483005937072
234,234,mk:prolific_participant_real_3:1,p3p5,mk:prolific_participant_real_3:1p3,mk:prolific_participant_real_3:1p5,U,S,conversation_quality,3,-1.64074315200617,-1.3592544367284,0.0680217978395063
232,232,mk:prolific_participant_real_3:1,p3p5,mk:prolific_participant_real_3:1p3,mk:prolific_participant_real_3:1p5,U,S,liked,5,-0.537655526620371,-0.710973668981481,0.0827184606481488
233,233,mk:prolific_participant_real_3:1,p3p5,mk:prolific_participant_real_3:1p3,mk:prolific_participant_real_3:1p5,U,S,other_liked,6,0.212866512345676,-0.441864390432097,-0.0785349151234556
235,235,mk:prolific_participant_real_3:1,p3p5,mk:prolific_participant_real_3:1p3,mk:prolific_participant_real_3:1p5,U,S,video_conf_quality,6,0.499840119705931,-1.15515823259602,0.125885470250344
262,262,mk:prolific_participant_real_3:1,p4p5,mk:prolific_participant_real_3:1p4,mk:prolific_participant_real_3:1p5,S,U,conversation_quality,7,0.606978202160493,0.393024209104938,0.26170669367284
260,260,mk:prolific_participant_real_3:1,p4p5,mk:prolific_participant_real_3:1p4,mk:prolific_participant_real_3:1p5,S,U,liked,6,-0.288632089120371,0.040002893518519,0.165726273148149
261,261,mk:prolific_participant_real_3:1,p4p5,mk:prolific_participant_real_3:1p4,mk:prolific_participant_real_3:1p5,S,U,other_liked,6,-0.317081404320991,0.0880835262345698,0.227454668209878
263,263,mk:prolific_participant_real_3:1,p4p5,mk:prolific_participant_real_3:1p4,mk:prolific_participant_real_3:1p5,S,U,video_conf_quality,7,-0.250729541752403,0.595411428862313,0.32014002754201
206,206,mk:prolific_participant_real_3:1,p1p5,mk:prolific_participant_real_3:1p5,mk:prolific_participant_real_3:1p1,U,U,conversation_quality,4,NA,0.151029610339506,-0.608277874228395
204,204,mk:prolific_participant_real_3:1,p1p5,mk:prolific_participant_real_3:1p5,mk:prolific_participant_real_3:1p1,U,U,liked,4,NA,0.108597366898149,-0.462221498842592
205,205,mk:prolific_participant_real_3:1,p1p5,mk:prolific_participant_real_3:1p5,mk:prolific_participant_real_3:1p1,U,U,other_liked,4,NA,0.172767168209878,-0.414520640432097
207,207,mk:prolific_participant_real_3:1,p1p5,mk:prolific_participant_real_3:1p5,mk:prolific_participant_real_3:1p1,U,U,video_conf_quality,4,NA,0.538944281014233,0.36977123789009
226,226,mk:prolific_participant_real_3:1,p2p6,mk:prolific_participant_real_3:1p6,mk:prolific_participant_real_3:1p2,S,U,conversation_quality,7,-0.0463179976851862,0.17869888117284,-0.357952353395062
224,224,mk:prolific_participant_real_3:1,p2p6,mk:prolific_participant_real_3:1p6,mk:prolific_participant_real_3:1p2,S,U,liked,7,-0.0624674479166671,0.163935908564815,0.0384295428240744
225,225,mk:prolific_participant_real_3:1,p2p6,mk:prolific_participant_real_3:1p6,mk:prolific_participant_real_3:1p2,S,U,other_liked,7,0.16312210648147701,-0.0238474151234538,0.0607397762345698
227,227,mk:prolific_participant_real_3:1,p2p6,mk:prolific_participant_real_3:1p6,mk:prolific_participant_real_3:1p2,S,U,video_conf_quality,4,-1.34285059799383,-0.739213271069101,-0.0190633975265762
210,210,mk:prolific_participant_real_3:1,p1p7,mk:prolific_participant_real_3:1p7,mk:prolific_participant_real_3:1p1,S,S,conversation_quality,7,NA,0.259343653549383,0.37715808256173
208,208,mk:prolific_participant_real_3:1,p1p7,mk:prolific_participant_real_3:1p7,mk:prolific_participant_real_3:1p1,S,S,liked,7,NA,0.158383969907408,-0.0123336226851851
209,209,mk:prolific_participant_real_3:1,p1p7,mk:prolific_participant_real_3:1p7,mk:prolific_participant_real_3:1p1,S,S,other_liked,7,NA,0.217206790123459,-0.0123456790123448
211,211,mk:prolific_participant_real_3:1,p1p7,mk:prolific_participant_real_3:1p7,mk:prolific_participant_real_3:1p1,S,S,video_conf_quality,7,NA,0.432394815243486,-0.593250332218791
286,286,mk:prolific_participant_real_3:2,p1p5,mk:prolific_participant_real_3:2p1,mk:prolific_participant_real_3:2p5,U,U,conversation_quality,7,0.157101585751489,0.573225233289929,-0.0755581325954875
284,284,mk:prolific_participant_real_3:2,p1p5,mk:prolific_participant_real_3:2p1,mk:prolific_participant_real_3:2p5,U,U,liked,7,0.0857921781994069,0.460984971788193,-0.0794609917534732
285,285,mk:prolific_participant_real_3:2,p1p5,mk:prolific_participant_real_3:2p1,mk:prolific_participant_real_3:2p5,U,U,other_liked,7,0.117650349934898,0.545175340440538,-0.110611809624568
287,287,mk:prolific_participant_real_3:2,p1p5,mk:prolific_participant_real_3:2p1,mk:prolific_participant_real_3:2p5,U,U,video_conf_quality,7,-0.178346906389507,0.350534227159288,0.072798834906683
318,318,mk:prolific_participant_real_3:2,p2p5,mk:prolific_participant_real_3:2p2,mk:prolific_participant_real_3:2p5,S,S,conversation_quality,7,0.958527095734128,-0.22820027669271,-0.49657185872396
316,316,mk:prolific_participant_real_3:2,p2p5,mk:prolific_participant_real_3:2p2,mk:prolific_participant_real_3:2p5,S,S,liked,7,0.617822071862602,-0.0710449218750018,-0.300089518229168
317,317,mk:prolific_participant_real_3:2,p2p5,mk:prolific_participant_real_3:2p2,mk:prolific_participant_real_3:2p5,S,S,other_liked,7,0.665829128689239,-0.00300343831380356,-0.332588195800782
319,319,mk:prolific_participant_real_3:2,p2p5,mk:prolific_participant_real_3:2p2,mk:prolific_participant_real_3:2p5,S,S,video_conf_quality,7,-0.0340174114893337,0.206204732259114,-0.297818501790366
346,346,mk:prolific_participant_real_3:2,p3p5,mk:prolific_participant_real_3:2p3,mk:prolific_participant_real_3:2p5,U,S,conversation_quality,7,-0.163048153831843,0.893374972873262,-0.590369330512154
344,344,mk:prolific_participant_real_3:2,p3p5,mk:prolific_participant_real_3:2p3,mk:prolific_participant_real_3:2p5,U,S,liked,7,-0.0535307384672592,0.600307888454859,-0.608106825086807
345,345,mk:prolific_participant_real_3:2,p3p5,mk:prolific_participant_real_3:2p3,mk:prolific_participant_real_3:2p5,U,S,other_liked,7,-0.0355072021484348,0.698332892523871,-0.458430820041234
347,347,mk:prolific_participant_real_3:2,p3p5,mk:prolific_participant_real_3:2p3,mk:prolific_participant_real_3:2p5,U,S,video_conf_quality,7,-0.136843000139506,0.309030320909287,-0.469681633843318
378,378,mk:prolific_participant_real_3:2,p4p5,mk:prolific_participant_real_3:2p4,mk:prolific_participant_real_3:2p5,S,U,conversation_quality,6,-0.133425757998511,-0.136247422960071,0.0499301486545125
376,376,mk:prolific_participant_real_3:2,p4p5,mk:prolific_participant_real_3:2p4,mk:prolific_participant_real_3:2p5,S,U,liked,6,-0.21856980096726,-0.23465304904514,0.226854112413193
377,377,mk:prolific_participant_real_3:2,p4p5,mk:prolific_participant_real_3:2p4,mk:prolific_participant_real_3:2p5,S,U,other_liked,6,-0.159042358398436,-0.178131951226129,-0.165950351291233
379,379,mk:prolific_participant_real_3:2,p4p5,mk:prolific_participant_real_3:2p4,mk:prolific_participant_real_3:2p5,S,U,video_conf_quality,7,0.698117937360493,-0.525930616590712,0.365279303656683
290,290,mk:prolific_participant_real_3:2,p1p5,mk:prolific_participant_real_3:2p5,mk:prolific_participant_real_3:2p1,U,U,conversation_quality,5,0.12231154668899,-0.601545545789931,0.714881049262153
288,288,mk:prolific_participant_real_3:2,p1p5,mk:prolific_participant_real_3:2p5,mk:prolific_participant_real_3:2p1,U,U,liked,6,0.333513532366072,-0.258958604600695,0.448316786024304
289,289,mk:prolific_participant_real_3:2,p1p5,mk:prolific_participant_real_3:2p5,mk:prolific_participant_real_3:2p1,U,U,other_liked,5,0.0970306396484393,-0.832589891221788,0.491003248426647
291,291,mk:prolific_participant_real_3:2,p1p5,mk:prolific_participant_real_3:2p5,mk:prolific_participant_real_3:2p1,U,U,video_conf_quality,7,0.377449398949035,0.0701404147677938,0.348201327853731
298,298,mk:prolific_participant_real_3:2,p1p6,mk:prolific_participant_real_3:2p6,mk:prolific_participant_real_3:2p1,U,S,conversation_quality,6,0.0554237971230185,0.46534220377604,0.56769816080729
296,296,mk:prolific_participant_real_3:2,p1p6,mk:prolific_participant_real_3:2p6,mk:prolific_participant_real_3:2p1,U,S,liked,6,-0.0158991737971217,0.0904541015624991,0.319986979166666
297,297,mk:prolific_participant_real_3:2,p1p6,mk:prolific_participant_real_3:2p6,mk:prolific_participant_real_3:2p1,U,S,other_liked,6,0.206485324435767,0.0579554239908839,0.388028462727864
299,299,mk:prolific_participant_real_3:2,p1p6,mk:prolific_participant_real_3:2p6,mk:prolific_participant_real_3:2p1,U,S,video_conf_quality,6,-0.196811736576138,-0.355598449707033,-0.520520528157553
306,306,mk:prolific_participant_real_3:2,p1p7,mk:prolific_participant_real_3:2p7,mk:prolific_participant_real_3:2p1,S,S,conversation_quality,5,-0.600995744977676,0.121761745876735,0.770219590928818
304,304,mk:prolific_participant_real_3:2,p1p7,mk:prolific_participant_real_3:2p7,mk:prolific_participant_real_3:2p1,S,S,liked,6,-0.208966936383927,0.283521864149304,0.489820692274304
305,305,mk:prolific_participant_real_3:2,p1p7,mk:prolific_participant_real_3:2p7,mk:prolific_participant_real_3:2p1,S,S,other_liked,6,-0.168757120768227,0.433197869194878,0.587845696343315
307,307,mk:prolific_participant_real_3:2,p1p7,mk:prolific_participant_real_3:2p7,mk:prolific_participant_real_3:2p1,S,S,video_conf_quality,6,-0.260896955217632,-0.291513231065539,0.320532057020399
314,314,mk:prolific_participant_real_3:2,p1p8,mk:prolific_participant_real_3:2p8,mk:prolific_participant_real_3:2p1,S,U,conversation_quality,5,0.608476911272323,-1.08771091037326,-0.940229627821181
312,312,mk:prolific_participant_real_3:2,p1p8,mk:prolific_participant_real_3:2p8,mk:prolific_participant_real_3:2p1,S,U,liked,5,-0.054832821800594,-0.870612250434029,-0.497321234809029
313,313,mk:prolific_participant_real_3:2,p1p8,mk:prolific_participant_real_3:2p8,mk:prolific_participant_real_3:2p1,S,U,other_liked,5,-0.0146230061848938,-0.720936245388455,-0.399296230740019
315,315,mk:prolific_participant_real_3:2,p1p8,mk:prolific_participant_real_3:2p8,mk:prolific_participant_real_3:2p1,S,U,video_conf_quality,7,0.210457211449035,0.237132602267794,0.181209140353731
410,410,mk:real_meeting_experiment_prolific:2,p1p5,mk:real_meeting_experiment_prolific:2p1,mk:real_meeting_experiment_prolific:2p5,U,U,conversation_quality,7,0.435399615575399,0.298515319824217,-0.515841166178387
408,408,mk:real_meeting_experiment_prolific:2,p1p5,mk:real_meeting_experiment_prolific:2p1,mk:real_meeting_experiment_prolific:2p5,U,U,liked,7,0.385826958550348,0.360806783040363,-0.273262023925782
409,409,mk:real_meeting_experiment_prolific:2,p1p5,mk:real_meeting_experiment_prolific:2p1,mk:real_meeting_experiment_prolific:2p5,U,U,other_liked,7,0.751457274906219,0.128335316975911,-0.839855194091797
411,411,mk:real_meeting_experiment_prolific:2,p1p5,mk:real_meeting_experiment_prolific:2p1,mk:real_meeting_experiment_prolific:2p5,U,U,video_conf_quality,7,1.04342409164187,-0.18578847249349,0.124631245930988
438,438,mk:real_meeting_experiment_prolific:2,p2p5,mk:real_meeting_experiment_prolific:2p2,mk:real_meeting_experiment_prolific:2p5,S,S,conversation_quality,7,0.188429332914808,0.545485602484808,0.366149054633246
436,436,mk:real_meeting_experiment_prolific:2,p2p5,mk:real_meeting_experiment_prolific:2p2,mk:real_meeting_experiment_prolific:2p5,S,S,liked,7,0.334487915039063,0.412145826551648,0.398733350965711
437,437,mk:real_meeting_experiment_prolific:2,p2p5,mk:real_meeting_experiment_prolific:2p2,mk:real_meeting_experiment_prolific:2p5,S,S,other_liked,7,0.276666913713727,0.603125678168403,0.667901780870226
439,439,mk:real_meeting_experiment_prolific:2,p2p5,mk:real_meeting_experiment_prolific:2p2,mk:real_meeting_experiment_prolific:2p5,S,S,video_conf_quality,7,0.481098720005581,0.376536899142796,0.421626620822482
470,470,mk:real_meeting_experiment_prolific:2,p3p5,mk:real_meeting_experiment_prolific:2p3,mk:real_meeting_experiment_prolific:2p5,U,S,conversation_quality,6,0.106398082914808,-0.372483147515192,0.116149054633246
468,468,mk:real_meeting_experiment_prolific:2,p3p5,mk:real_meeting_experiment_prolific:2p3,mk:real_meeting_experiment_prolific:2p5,U,S,liked,6,0.0716298421223955,-0.324996100531684,0.162567986382378
469,469,mk:real_meeting_experiment_prolific:2,p3p5,mk:real_meeting_experiment_prolific:2p3,mk:real_meeting_experiment_prolific:2p5,U,S,other_liked,6,0.24916040329706,-0.36936781141493,-0.304591708713108
471,471,mk:real_meeting_experiment_prolific:2,p3p5,mk:real_meeting_experiment_prolific:2p3,mk:real_meeting_experiment_prolific:2p5,U,S,video_conf_quality,6,0.218240647088915,-0.360605027940538,0.185461256239149
502,502,mk:real_meeting_experiment_prolific:2,p4p5,mk:real_meeting_experiment_prolific:2p4,mk:real_meeting_experiment_prolific:2p5,S,U,conversation_quality,5,-0.712775094168525,-0.553309970431859,0.102314419216579
500,500,mk:real_meeting_experiment_prolific:2,p4p5,mk:real_meeting_experiment_prolific:2p4,mk:real_meeting_experiment_prolific:2p5,S,U,liked,5,-0.719874064127604,-0.533492194281684,-0.212920294867622
501,501,mk:real_meeting_experiment_prolific:2,p4p5,mk:real_meeting_experiment_prolific:2p4,mk:real_meeting_experiment_prolific:2p5,S,U,other_liked,5,-1.13983699253627,0.0196295844184036,0.0844056871202259
503,503,mk:real_meeting_experiment_prolific:2,p4p5,mk:real_meeting_experiment_prolific:2p4,mk:real_meeting_experiment_prolific:2p5,S,U,video_conf_quality,4,-1.58709789457775,-0.555266486273872,-0.00920020209418482
414,414,mk:real_meeting_experiment_prolific:2,p1p5,mk:real_meeting_experiment_prolific:2p5,mk:real_meeting_experiment_prolific:2p1,U,U,conversation_quality,6,0.262507362971232,-0.0340923733181429,-0.0213411119249134
412,412,mk:real_meeting_experiment_prolific:2,p1p5,mk:real_meeting_experiment_prolific:2p5,mk:real_meeting_experiment_prolific:2p1,U,U,liked,6,0.0336337619357652,0.0117433336046,0.0254813300238714
413,413,mk:real_meeting_experiment_prolific:2,p1p5,mk:real_meeting_experiment_prolific:2p5,mk:real_meeting_experiment_prolific:2p1,U,U,other_liked,5,-0.0114694625612293,-0.0798738267686625,0.189008924696181
415,415,mk:real_meeting_experiment_prolific:2,p1p5,mk:real_meeting_experiment_prolific:2p5,mk:real_meeting_experiment_prolific:2p1,U,U,video_conf_quality,6,-0.145011780753966,-0.342601352267796,-0.22061750623915
450,450,mk:real_meeting_experiment_prolific:2,p2p6,mk:real_meeting_experiment_prolific:2p6,mk:real_meeting_experiment_prolific:2p2,S,U,conversation_quality,7,0.0507018074156766,0.29572296142578,-0.895047505696615
448,448,mk:real_meeting_experiment_prolific:2,p2p6,mk:real_meeting_experiment_prolific:2p6,mk:real_meeting_experiment_prolific:2p2,S,U,liked,7,0.0167609320746545,0.356620788574218,-0.847201029459637
449,449,mk:real_meeting_experiment_prolific:2,p2p6,mk:real_meeting_experiment_prolific:2p6,mk:real_meeting_experiment_prolific:2p2,S,U,other_liked,7,-0.165617140512618,0.566516876220703,-0.300009409586588
451,451,mk:real_meeting_experiment_prolific:2,p2p6,mk:real_meeting_experiment_prolific:2p6,mk:real_meeting_experiment_prolific:2p2,S,U,video_conf_quality,7,-0.0494171626984112,0.264808654785155,-0.713823954264323
426,426,mk:real_meeting_experiment_prolific:2,p1p7,mk:real_meeting_experiment_prolific:2p7,mk:real_meeting_experiment_prolific:2p1,S,S,conversation_quality,4,-1.23651607452877,-0.535068935818143,0.479635450575086
424,424,mk:real_meeting_experiment_prolific:2,p1p7,mk:real_meeting_experiment_prolific:2p7,mk:real_meeting_experiment_prolific:2p1,S,S,liked,4,-1.2707282172309,-0.683894687228734,0.331796434190538
425,425,mk:real_meeting_experiment_prolific:2,p1p7,mk:real_meeting_experiment_prolific:2p7,mk:real_meeting_experiment_prolific:2p1,S,S,other_liked,3,-1.48347467089456,-0.607868618435329,0.328006320529514
427,427,mk:real_meeting_experiment_prolific:2,p1p7,mk:real_meeting_experiment_prolific:2p7,mk:real_meeting_experiment_prolific:2p1,S,S,video_conf_quality,7,0.0901770213293664,0.422209845648871,0.377201504177517
434,434,mk:real_meeting_experiment_prolific:2,p1p8,mk:real_meeting_experiment_prolific:2p8,mk:real_meeting_experiment_prolific:2p1,S,U,conversation_quality,6,-0.126815553695434,0.355230543348523,0.367981804741753
432,432,mk:real_meeting_experiment_prolific:2,p1p8,mk:real_meeting_experiment_prolific:2p8,mk:real_meeting_experiment_prolific:2p1,S,U,liked,7,0.644310845269098,0.401066250271267,0.414804246690538
433,433,mk:real_meeting_experiment_prolific:2,p1p8,mk:real_meeting_experiment_prolific:2p8,mk:real_meeting_experiment_prolific:2p1,S,U,other_liked,5,0.169153909834605,-0.260497199164496,0.175133599175347
435,435,mk:real_meeting_experiment_prolific:2,p1p8,mk:real_meeting_experiment_prolific:2p8,mk:real_meeting_experiment_prolific:2p1,S,U,video_conf_quality,7,0.131680927579367,0.380705939398871,-0.165278964572484
534,534,mk:real_meeting_experiment_prolific:4,p1p5,mk:real_meeting_experiment_prolific:4p1,mk:real_meeting_experiment_prolific:4p5,U,U,conversation_quality,7,0.383329139478922,0.562321255032624,0.120430723309732
532,532,mk:real_meeting_experiment_prolific:4,p1p5,mk:real_meeting_experiment_prolific:4p1,mk:real_meeting_experiment_prolific:4p5,U,U,liked,7,0.719819071336019,0.583040920449812,0.262482212272664
533,533,mk:real_meeting_experiment_prolific:4,p1p5,mk:real_meeting_experiment_prolific:4p1,mk:real_meeting_experiment_prolific:4p5,U,U,other_liked,6,-0.0310688068959335,0.518550554332519,0.527048067769382
535,535,mk:real_meeting_experiment_prolific:4,p1p5,mk:real_meeting_experiment_prolific:4p1,mk:real_meeting_experiment_prolific:4p5,U,U,video_conf_quality,7,0.0947504744426926,0.743964074722975,-0.22580803341224
562,562,mk:real_meeting_experiment_prolific:4,p2p5,mk:real_meeting_experiment_prolific:4p2,mk:real_meeting_experiment_prolific:4p5,S,S,conversation_quality,5,-0.512894656161784,-0.54145494932667,0.0210971123143135
560,560,mk:real_meeting_experiment_prolific:4,p2p5,mk:real_meeting_experiment_prolific:4p2,mk:real_meeting_experiment_prolific:4p5,S,S,liked,5,-0.176404724304687,-0.520735283909482,0.163148601277245
561,561,mk:real_meeting_experiment_prolific:4,p2p5,mk:real_meeting_experiment_prolific:4p2,mk:real_meeting_experiment_prolific:4p5,S,S,other_liked,5,-0.130243753842644,-0.382274498720771,0.226984602149898
563,563,mk:real_meeting_experiment_prolific:4,p2p5,mk:real_meeting_experiment_prolific:4p2,mk:real_meeting_experiment_prolific:4p5,S,S,video_conf_quality,6,0.155080495664008,-0.31636594649834,0.114369670322315
586,586,mk:real_meeting_experiment_prolific:4,p3p5,mk:real_meeting_experiment_prolific:4p3,mk:real_meeting_experiment_prolific:4p5,U,S,conversation_quality,6,0.063729667036883,-0.118079272525336,-0.00810339441899188
584,584,mk:real_meeting_experiment_prolific:4,p3p5,mk:real_meeting_experiment_prolific:4p3,mk:real_meeting_experiment_prolific:4p5,U,S,liked,5,-0.369226291707157,-0.327913716507012,0.189064886158545
585,585,mk:real_meeting_experiment_prolific:4,p3p5,mk:real_meeting_experiment_prolific:4p3,mk:real_meeting_experiment_prolific:4p5,U,S,other_liked,5,0.177063345381886,-0.689581597945301,0.182546334860475
587,587,mk:real_meeting_experiment_prolific:4,p3p5,mk:real_meeting_experiment_prolific:4p3,mk:real_meeting_experiment_prolific:4p5,U,S,video_conf_quality,5,-0.317004592536202,-0.84428085829813,-0.243173997264462
602,602,mk:real_meeting_experiment_prolific:4,p4p5,mk:real_meeting_experiment_prolific:4p4,mk:real_meeting_experiment_prolific:4p5,S,U,conversation_quality,6,0.0455948620944984,-0.0999444675829517,0.0608305567124807
600,600,mk:real_meeting_experiment_prolific:4,p4p5,mk:real_meeting_experiment_prolific:4p4,mk:real_meeting_experiment_prolific:4p5,S,U,liked,5,-0.377293242977462,-0.319846765236707,-0.0377399173955304
601,601,mk:real_meeting_experiment_prolific:4,p4p5,mk:real_meeting_experiment_prolific:4p4,mk:real_meeting_experiment_prolific:4p5,S,U,other_liked,5,-0.110281833214334,-0.402236419349081,0.00676881904365167
603,603,mk:real_meeting_experiment_prolific:4,p4p5,mk:real_meeting_experiment_prolific:4p4,mk:real_meeting_experiment_prolific:4p5,S,U,video_conf_quality,7,0.274833886399729,0.563880662765939,0.194326151040382
538,538,mk:real_meeting_experiment_prolific:4,p1p5,mk:real_meeting_experiment_prolific:4p5,mk:real_meeting_experiment_prolific:4p1,U,U,conversation_quality,7,0.314865912351337,0.70524304109398706,0.194889282243509
536,536,mk:real_meeting_experiment_prolific:4,p1p5,mk:real_meeting_experiment_prolific:4p5,mk:real_meeting_experiment_prolific:4p1,U,U,liked,7,0.237188136308946,0.588072678050811,-0.21511696515341
537,537,mk:real_meeting_experiment_prolific:4,p1p5,mk:real_meeting_experiment_prolific:4p5,mk:real_meeting_experiment_prolific:4p1,U,U,other_liked,7,0.0425379864044757,0.659561089377441,-0.258334603885287
539,539,mk:real_meeting_experiment_prolific:4,p1p5,mk:real_meeting_experiment_prolific:4p5,mk:real_meeting_experiment_prolific:4p1,U,U,video_conf_quality,4,-1.78153479731907,0.204667312833088,0.358609932936107
550,550,mk:real_meeting_experiment_prolific:4,p1p7,mk:real_meeting_experiment_prolific:4p7,mk:real_meeting_experiment_prolific:4p1,S,S,conversation_quality,5,-0.639558025591188,-0.340333020963488,0.288962064417603
548,548,mk:real_meeting_experiment_prolific:4,p1p7,mk:real_meeting_experiment_prolific:4p7,mk:real_meeting_experiment_prolific:4p1,S,S,liked,6,-0.220651912976074,0.0459127273358311,0.307919443287519
549,549,mk:real_meeting_experiment_prolific:4,p1p7,mk:real_meeting_experiment_prolific:4p7,mk:real_meeting_experiment_prolific:4p1,S,S,other_liked,6,-0.407060302255013,0.109159378036929,0.409758954602249
551,551,mk:real_meeting_experiment_prolific:4,p1p7,mk:real_meeting_experiment_prolific:4p7,mk:real_meeting_experiment_prolific:4p1,S,S,video_conf_quality,5,-0.329420114112389,-0.247447370373597,0.661275446897835
558,558,mk:real_meeting_experiment_prolific:4,p1p8,mk:real_meeting_experiment_prolific:4p8,mk:real_meeting_experiment_prolific:4p1,S,U,conversation_quality,6,0.187861539173493,-0.167752585728169,-0.678106344578649
556,556,mk:real_meeting_experiment_prolific:4,p1p8,mk:real_meeting_experiment_prolific:4p8,mk:real_meeting_experiment_prolific:4p1,S,U,liked,6,-0.126208625456984,-0.0485305601832584,-0.669758260447037
557,557,mk:real_meeting_experiment_prolific:4,p1p8,mk:real_meeting_experiment_prolific:4p8,mk:real_meeting_experiment_prolific:4p1,S,U,other_liked,7,0.515277581513656,0.18682149426826,-1.09477217454037
559,559,mk:real_meeting_experiment_prolific:4,p1p8,mk:real_meeting_experiment_prolific:4p8,mk:real_meeting_experiment_prolific:4p1,S,U,video_conf_quality,7,1.52755039066595,-0.104417875151935,-0.859599170519937
630,630,mk:real_meeting_experiment_prolific:5,p3p6,mk:real_meeting_experiment_prolific:5p3,mk:real_meeting_experiment_prolific:5p6,S,S,conversation_quality,7,0.214898991421252,0.376232424554185,-1.18743067611883
628,628,mk:real_meeting_experiment_prolific:5,p3p6,mk:real_meeting_experiment_prolific:5p3,mk:real_meeting_experiment_prolific:5p6,S,S,liked,7,0.232841852412248,0.340385754467093,-1.24189066876
629,629,mk:real_meeting_experiment_prolific:5,p3p6,mk:real_meeting_experiment_prolific:5p3,mk:real_meeting_experiment_prolific:5p6,S,S,other_liked,7,0.206130257228438,0.323543916622906,-1.06865382009191
631,631,mk:real_meeting_experiment_prolific:5,p3p6,mk:real_meeting_experiment_prolific:5p3,mk:real_meeting_experiment_prolific:5p6,S,S,video_conf_quality,7,0.124405347012724,0.424850965051313,-0.303407849016903
646,646,mk:real_meeting_experiment_prolific:5,p4p5,mk:real_meeting_experiment_prolific:5p4,mk:real_meeting_experiment_prolific:5p5,S,U,conversation_quality,6,-0.183561825850373,0.497563031148191,0.276095668965407
644,644,mk:real_meeting_experiment_prolific:5,p4p5,mk:real_meeting_experiment_prolific:5p4,mk:real_meeting_experiment_prolific:5p5,S,U,liked,6,-0.34880218226778,0.631738928719423,0.230295412388903
645,645,mk:real_meeting_experiment_prolific:5,p4p5,mk:real_meeting_experiment_prolific:5p4,mk:real_meeting_experiment_prolific:5p5,S,U,other_liked,6,-0.335633864749443,0.558228725159501,0.139520911141297
647,647,mk:real_meeting_experiment_prolific:5,p4p5,mk:real_meeting_experiment_prolific:5p4,mk:real_meeting_experiment_prolific:5p5,S,U,video_conf_quality,4,-1.15990791535926,0.00221005221580484,-0.113656838080846
626,626,mk:real_meeting_experiment_prolific:5,p3p5,mk:real_meeting_experiment_prolific:5p5,mk:real_meeting_experiment_prolific:5p3,S,U,conversation_quality,1,-2.19562393000096,-1.47914150745617,-0.17619731887377801
624,624,mk:real_meeting_experiment_prolific:5,p3p5,mk:real_meeting_experiment_prolific:5p5,mk:real_meeting_experiment_prolific:5p3,S,U,liked,1,-2.18690947230461,-1.51399563413043,-0.225732521646687
625,625,mk:real_meeting_experiment_prolific:5,p3p5,mk:real_meeting_experiment_prolific:5p5,mk:real_meeting_experiment_prolific:5p3,S,U,other_liked,1,-2.38296787033465,-1.57322258201428,-0.247439132850902
627,627,mk:real_meeting_experiment_prolific:5,p3p5,mk:real_meeting_experiment_prolific:5p5,mk:real_meeting_experiment_prolific:5p3,S,U,video_conf_quality,3,-1.24723469193907,-1.38049305882546,-0.773437736637979
634,634,mk:real_meeting_experiment_prolific:5,p3p6,mk:real_meeting_experiment_prolific:5p6,mk:real_meeting_experiment_prolific:5p3,S,S,conversation_quality,6,1.05536799594372,0.269866566599151,0.546672470448603
632,632,mk:real_meeting_experiment_prolific:5,p3p6,mk:real_meeting_experiment_prolific:5p6,mk:real_meeting_experiment_prolific:5p3,S,S,liked,6,1.06672377653955,0.23237111702541,0.483976617925615
633,633,mk:real_meeting_experiment_prolific:5,p3p6,mk:real_meeting_experiment_prolific:5p6,mk:real_meeting_experiment_prolific:5p3,S,S,other_liked,6,0.871387673209233,0.172421874441837,0.445481553707811
635,635,mk:real_meeting_experiment_prolific:5,p3p6,mk:real_meeting_experiment_prolific:5p6,mk:real_meeting_experiment_prolific:5p3,S,S,video_conf_quality,6,0.498119389947241,-0.125847140711776,0.519608088154525
642,642,mk:real_meeting_experiment_prolific:5,p3p7,mk:real_meeting_experiment_prolific:5p7,mk:real_meeting_experiment_prolific:5p3,U,S,conversation_quality,5,0.336918064530822,-0.0116835019879549,0.515465337389618
640,640,mk:real_meeting_experiment_prolific:5,p3p7,mk:real_meeting_experiment_prolific:5p7,mk:real_meeting_experiment_prolific:5p3,U,S,liked,5,0.348073799401917,-0.0489789058369592,0.452740906905954
641,641,mk:real_meeting_experiment_prolific:5,p3p7,mk:real_meeting_experiment_prolific:5p7,mk:real_meeting_experiment_prolific:5p3,U,S,other_liked,6,0.871387673209233,0.172421874441837,0.445481553707811
643,643,mk:real_meeting_experiment_prolific:5,p3p7,mk:real_meeting_experiment_prolific:5p7,mk:real_meeting_experiment_prolific:5p3,U,S,video_conf_quality,7,0.654069321360134,0.718202927875331,0.613315221213511
674,674,mk:real_meeting_experiment_prolific:5,p4p8,mk:real_meeting_experiment_prolific:5p8,mk:real_meeting_experiment_prolific:5p4,S,S,conversation_quality,7,0.514545230316036,0.347162987142596,0.0253945181889792
672,672,mk:real_meeting_experiment_prolific:5,p4p8,mk:real_meeting_experiment_prolific:5p8,mk:real_meeting_experiment_prolific:5p4,S,S,liked,7,0.46843007266058,0.358478739755472,0.30061025318622
673,673,mk:real_meeting_experiment_prolific:5,p4p8,mk:real_meeting_experiment_prolific:5p8,mk:real_meeting_experiment_prolific:5p4,S,S,other_liked,7,0.489028625069658,0.346606191348202,0.285608934385896
675,675,mk:real_meeting_experiment_prolific:5,p4p8,mk:real_meeting_experiment_prolific:5p8,mk:real_meeting_experiment_prolific:5p4,S,S,video_conf_quality,7,0.821444983904616,0.361076254394792,0.0575791143676971
678,678,mk:real_meeting_experiment_prolific:6,p1p5,mk:real_meeting_experiment_prolific:6p1,mk:real_meeting_experiment_prolific:6p5,U,U,conversation_quality,5,-0.541503906249998,-0.229492187500001,0.229492187499999
676,676,mk:real_meeting_experiment_prolific:6,p1p5,mk:real_meeting_experiment_prolific:6p1,mk:real_meeting_experiment_prolific:6p5,U,U,liked,7,0.589192708333334,0.340657552083333,0.340657552083333
677,677,mk:real_meeting_experiment_prolific:6,p1p5,mk:real_meeting_experiment_prolific:6p1,mk:real_meeting_experiment_prolific:6p5,U,U,other_liked,7,1.00618489583333,0.316324869791667,0.462320963541666
679,679,mk:real_meeting_experiment_prolific:6,p1p5,mk:real_meeting_experiment_prolific:6p1,mk:real_meeting_experiment_prolific:6p5,U,U,video_conf_quality,7,0.61832682291667,-0.0801595052083348,0.274820963541665
710,710,mk:real_meeting_experiment_prolific:6,p2p5,mk:real_meeting_experiment_prolific:6p2,mk:real_meeting_experiment_prolific:6p5,S,S,conversation_quality,5,0.154134114583335,-0.925130208333334,0.535807291666666
708,708,mk:real_meeting_experiment_prolific:6,p2p5,mk:real_meeting_experiment_prolific:6p2,mk:real_meeting_experiment_prolific:6p5,S,S,liked,5,0.202799479166667,-1.27294921875,0.396972656249999
709,709,mk:real_meeting_experiment_prolific:6,p2p5,mk:real_meeting_experiment_prolific:6p2,mk:real_meeting_experiment_prolific:6p5,S,S,other_liked,3,-1.0185546875,-1.658935546875,0.490966796875
711,711,mk:real_meeting_experiment_prolific:6,p2p5,mk:real_meeting_experiment_prolific:6p2,mk:real_meeting_experiment_prolific:6p5,S,S,video_conf_quality,6,-0.562499999999998,0.100667317708333,0.288655598958332
742,742,mk:real_meeting_experiment_prolific:6,p3p5,mk:real_meeting_experiment_prolific:6p3,mk:real_meeting_experiment_prolific:6p5,U,S,conversation_quality,6,0.124511718750001,0.1044921875,-0.104492187500001
740,740,mk:real_meeting_experiment_prolific:6,p3p5,mk:real_meeting_experiment_prolific:6p3,mk:real_meeting_experiment_prolific:6p5,U,S,liked,6,-0.188476562499998,0.118326822916665,-0.215657552083334
741,741,mk:real_meeting_experiment_prolific:6,p3p5,mk:real_meeting_experiment_prolific:6p3,mk:real_meeting_experiment_prolific:6p5,U,S,other_liked,6,0.0891927083333339,0.233317057291667,-0.622639973958333
743,743,mk:real_meeting_experiment_prolific:6,p3p5,mk:real_meeting_experiment_prolific:6p3,mk:real_meeting_experiment_prolific:6p5,U,S,video_conf_quality,6,-0.117838541666664,-0.343994140625001,-0.823974609375001
774,774,mk:real_meeting_experiment_prolific:6,p4p5,mk:real_meeting_experiment_prolific:6p4,mk:real_meeting_experiment_prolific:6p5,S,U,conversation_quality,7,0.428873697916668,0.800130208333333,-0.410807291666667
772,772,mk:real_meeting_experiment_prolific:6,p4p5,mk:real_meeting_experiment_prolific:6p4,mk:real_meeting_experiment_prolific:6p5,S,U,liked,7,0.115885416666667,0.81396484375,-0.52197265625
773,773,mk:real_meeting_experiment_prolific:6,p4p5,mk:real_meeting_experiment_prolific:6p4,mk:real_meeting_experiment_prolific:6p5,S,U,other_liked,7,0.338216145833335,0.984293619791666,-0.205647786458334
775,775,mk:real_meeting_experiment_prolific:6,p4p5,mk:real_meeting_experiment_prolific:6p4,mk:real_meeting_experiment_prolific:6p5,S,U,video_conf_quality,7,0.0896809895833357,0.448486328124999,0.135498046874998
682,682,mk:real_meeting_experiment_prolific:6,p1p5,mk:real_meeting_experiment_prolific:6p5,mk:real_meeting_experiment_prolific:6p1,U,U,conversation_quality,5,-0.624511718749998,-0.479980468750001,-0.104003906250001
680,680,mk:real_meeting_experiment_prolific:6,p1p5,mk:real_meeting_experiment_prolific:6p5,mk:real_meeting_experiment_prolific:6p1,U,U,liked,5,-0.408854166666666,-0.744303385416667,0.257649739583333
681,681,mk:real_meeting_experiment_prolific:6,p1p5,mk:real_meeting_experiment_prolific:6p5,mk:real_meeting_experiment_prolific:6p1,U,U,other_liked,5,-0.450846354166666,-0.636474609375,0.0524902343749991
683,683,mk:real_meeting_experiment_prolific:6,p1p5,mk:real_meeting_experiment_prolific:6p5,mk:real_meeting_experiment_prolific:6p1,U,U,video_conf_quality,7,0.24235026041667,0.107828776041665,0.0868326822916652
690,690,mk:real_meeting_experiment_prolific:6,p1p6,mk:real_meeting_experiment_prolific:6p6,mk:real_meeting_experiment_prolific:6p1,U,S,conversation_quality,6,0.236165364583336,-0.340657552083335,-0.632649739583334
688,688,mk:real_meeting_experiment_prolific:6,p1p6,mk:real_meeting_experiment_prolific:6p6,mk:real_meeting_experiment_prolific:6p1,U,S,liked,6,0.117838541666667,-0.27099609375,-0.604980468750001
689,689,mk:real_meeting_experiment_prolific:6,p1p6,mk:real_meeting_experiment_prolific:6p6,mk:real_meeting_experiment_prolific:6p1,U,S,other_liked,6,0.409830729166668,-0.497151692708334,-0.476155598958334
691,691,mk:real_meeting_experiment_prolific:6,p1p6,mk:real_meeting_experiment_prolific:6p6,mk:real_meeting_experiment_prolific:6p1,U,S,video_conf_quality,6,0.00716145833333659,-0.656982421875002,-0.510986328125001
698,698,mk:real_meeting_experiment_prolific:6,p1p7,mk:real_meeting_experiment_prolific:6p7,mk:real_meeting_experiment_prolific:6p1,S,S,conversation_quality,7,0.624511718750002,0.270996093749999,0.312988281249999
696,696,mk:real_meeting_experiment_prolific:6,p1p7,mk:real_meeting_experiment_prolific:6p7,mk:real_meeting_experiment_prolific:6p1,S,S,liked,7,0.687011718750001,0.159830729166666,0.326822916666666
697,697,mk:real_meeting_experiment_prolific:6,p1p7,mk:real_meeting_experiment_prolific:6p7,mk:real_meeting_experiment_prolific:6p1,S,S,other_liked,7,0.631184895833334,0.281494140625,0.302490234374999
699,699,mk:real_meeting_experiment_prolific:6,p1p7,mk:real_meeting_experiment_prolific:6p7,mk:real_meeting_experiment_prolific:6p1,S,S,video_conf_quality,7,0.409342447916669,-0.0591634114583339,0.253824869791665
706,706,mk:real_meeting_experiment_prolific:6,p1p8,mk:real_meeting_experiment_prolific:6p8,mk:real_meeting_experiment_prolific:6p1,S,U,conversation_quality,7,0.0958658854166687,0.799641927083332,0.173665364583333
704,704,mk:real_meeting_experiment_prolific:6,p1p8,mk:real_meeting_experiment_prolific:6p8,mk:real_meeting_experiment_prolific:6p1,S,U,liked,7,-0.00862630208333215,0.855468749999999,0.0205078125
705,705,mk:real_meeting_experiment_prolific:6,p1p8,mk:real_meeting_experiment_prolific:6p8,mk:real_meeting_experiment_prolific:6p1,S,U,other_liked,7,-0.0644531249999982,0.977132161458332,-0.00382486979166696
707,707,mk:real_meeting_experiment_prolific:6,p1p8,mk:real_meeting_experiment_prolific:6p8,mk:real_meeting_experiment_prolific:6p1,S,U,video_conf_quality,7,-0.13313802083333,0.483317057291665,0.295328776041665
