"","group.id","participant_nb","interacting_partner","dyad","relationship"
"1","mk:prolific_participant_real_2:1","mk:prolific_participant_real_2:1p1","mk:prolific_participant_real_2:1p2","mk:prolific_participant_real_2:1_1",NA
"2","mk:prolific_participant_real_2:1","mk:prolific_participant_real_2:1p2","mk:prolific_participant_real_2:1p1","mk:prolific_participant_real_2:1_1",NA
"3","mk:prolific_participant_real_2:1","mk:prolific_participant_real_2:1p1","mk:prolific_participant_real_2:1p3","mk:prolific_participant_real_2:1_2",NA
"4","mk:prolific_participant_real_2:1","mk:prolific_participant_real_2:1p3","mk:prolific_participant_real_2:1p1","mk:prolific_participant_real_2:1_2",NA
"5","mk:prolific_participant_real_2:1","mk:prolific_participant_real_2:1p1","mk:prolific_participant_real_2:1p5","mk:prolific_participant_real_2:1_3",1.15754349361581
"6","mk:prolific_participant_real_2:1","mk:prolific_participant_real_2:1p5","mk:prolific_participant_real_2:1p1","mk:prolific_participant_real_2:1_3",0.201093178831347
"7","mk:prolific_participant_real_2:1","mk:prolific_participant_real_2:1p1","mk:prolific_participant_real_2:1p6","mk:prolific_participant_real_2:1_4",-1.18056003089404
"8","mk:prolific_participant_real_2:1","mk:prolific_participant_real_2:1p6","mk:prolific_participant_real_2:1p1","mk:prolific_participant_real_2:1_4",NA
"9","mk:prolific_participant_real_2:1","mk:prolific_participant_real_2:1p1","mk:prolific_participant_real_2:1p7","mk:prolific_participant_real_2:1_5",-1.25180142295199
"10","mk:prolific_participant_real_2:1","mk:prolific_participant_real_2:1p7","mk:prolific_participant_real_2:1p1","mk:prolific_participant_real_2:1_5",-0.745282385473329
"11","mk:prolific_participant_real_2:1","mk:prolific_participant_real_2:1p1","mk:prolific_participant_real_2:1p8","mk:prolific_participant_real_2:1_6",0.896931848767476
"12","mk:prolific_participant_real_2:1","mk:prolific_participant_real_2:1p8","mk:prolific_participant_real_2:1p1","mk:prolific_participant_real_2:1_6",0.0863176926975546
"13","mk:prolific_participant_real_2:1","mk:prolific_participant_real_2:1p2","mk:prolific_participant_real_2:1p3","mk:prolific_participant_real_2:1_7",NA
"14","mk:prolific_participant_real_2:1","mk:prolific_participant_real_2:1p3","mk:prolific_participant_real_2:1p2","mk:prolific_participant_real_2:1_7",NA
"15","mk:prolific_participant_real_2:1","mk:prolific_participant_real_2:1p2","mk:prolific_participant_real_2:1p5","mk:prolific_participant_real_2:1_8",0.263832061097007
"16","mk:prolific_participant_real_2:1","mk:prolific_participant_real_2:1p5","mk:prolific_participant_real_2:1p2","mk:prolific_participant_real_2:1_8",0.100939030965562
"17","mk:prolific_participant_real_2:1","mk:prolific_participant_real_2:1p2","mk:prolific_participant_real_2:1p6","mk:prolific_participant_real_2:1_9",0.925728536587156
"18","mk:prolific_participant_real_2:1","mk:prolific_participant_real_2:1p6","mk:prolific_participant_real_2:1p2","mk:prolific_participant_real_2:1_9",0.372323521704055
"19","mk:prolific_participant_real_2:1","mk:prolific_participant_real_2:1p2","mk:prolific_participant_real_2:1p7","mk:prolific_participant_real_2:1_10",-1.1455128554708
"20","mk:prolific_participant_real_2:1","mk:prolific_participant_real_2:1p7","mk:prolific_participant_real_2:1p2","mk:prolific_participant_real_2:1_10",NA
"21","mk:prolific_participant_real_2:1","mk:prolific_participant_real_2:1p2","mk:prolific_participant_real_2:1p8","mk:prolific_participant_real_2:1_11",0.00322041624867264
"22","mk:prolific_participant_real_2:1","mk:prolific_participant_real_2:1p8","mk:prolific_participant_real_2:1p2","mk:prolific_participant_real_2:1_11",-0.0138364551682306
"23","mk:prolific_participant_real_2:1","mk:prolific_participant_real_2:1p3","mk:prolific_participant_real_2:1p5","mk:prolific_participant_real_2:1_12",NA
"24","mk:prolific_participant_real_2:1","mk:prolific_participant_real_2:1p5","mk:prolific_participant_real_2:1p3","mk:prolific_participant_real_2:1_12",-1.21697000846832
"25","mk:prolific_participant_real_2:1","mk:prolific_participant_real_2:1p3","mk:prolific_participant_real_2:1p6","mk:prolific_participant_real_2:1_13",NA
"26","mk:prolific_participant_real_2:1","mk:prolific_participant_real_2:1p6","mk:prolific_participant_real_2:1p3","mk:prolific_participant_real_2:1_13",NA
"27","mk:prolific_participant_real_2:1","mk:prolific_participant_real_2:1p3","mk:prolific_participant_real_2:1p7","mk:prolific_participant_real_2:1_14",0.876237935743455
"28","mk:prolific_participant_real_2:1","mk:prolific_participant_real_2:1p7","mk:prolific_participant_real_2:1p3","mk:prolific_participant_real_2:1_14",NA
"29","mk:prolific_participant_real_2:1","mk:prolific_participant_real_2:1p3","mk:prolific_participant_real_2:1p8","mk:prolific_participant_real_2:1_15",0.024971207462924
"30","mk:prolific_participant_real_2:1","mk:prolific_participant_real_2:1p8","mk:prolific_participant_real_2:1p3","mk:prolific_participant_real_2:1_15",0.668254505397884
"31","mk:prolific_participant_real_2:1","mk:prolific_participant_real_2:1p5","mk:prolific_participant_real_2:1p6","mk:prolific_participant_real_2:1_16",NA
"32","mk:prolific_participant_real_2:1","mk:prolific_participant_real_2:1p6","mk:prolific_participant_real_2:1p5","mk:prolific_participant_real_2:1_16",NA
"33","mk:prolific_participant_real_2:1","mk:prolific_participant_real_2:1p5","mk:prolific_participant_real_2:1p7","mk:prolific_participant_real_2:1_17",NA
"34","mk:prolific_participant_real_2:1","mk:prolific_participant_real_2:1p7","mk:prolific_participant_real_2:1p5","mk:prolific_participant_real_2:1_17",NA
"35","mk:prolific_participant_real_2:1","mk:prolific_participant_real_2:1p5","mk:prolific_participant_real_2:1p8","mk:prolific_participant_real_2:1_18",NA
"36","mk:prolific_participant_real_2:1","mk:prolific_participant_real_2:1p8","mk:prolific_participant_real_2:1p5","mk:prolific_participant_real_2:1_18",NA
"37","mk:prolific_participant_real_2:1","mk:prolific_participant_real_2:1p6","mk:prolific_participant_real_2:1p7","mk:prolific_participant_real_2:1_19",NA
"38","mk:prolific_participant_real_2:1","mk:prolific_participant_real_2:1p7","mk:prolific_participant_real_2:1p6","mk:prolific_participant_real_2:1_19",NA
"39","mk:prolific_participant_real_2:1","mk:prolific_participant_real_2:1p6","mk:prolific_participant_real_2:1p8","mk:prolific_participant_real_2:1_20",NA
"40","mk:prolific_participant_real_2:1","mk:prolific_participant_real_2:1p8","mk:prolific_participant_real_2:1p6","mk:prolific_participant_real_2:1_20",NA
"41","mk:prolific_participant_real_2:1","mk:prolific_participant_real_2:1p7","mk:prolific_participant_real_2:1p8","mk:prolific_participant_real_2:1_21",NA
"42","mk:prolific_participant_real_2:1","mk:prolific_participant_real_2:1p8","mk:prolific_participant_real_2:1p7","mk:prolific_participant_real_2:1_21",NA
"43","mk:prolific_participant_real_2:2","mk:prolific_participant_real_2:2p1","mk:prolific_participant_real_2:2p2","mk:prolific_participant_real_2:2_1",NA
"44","mk:prolific_participant_real_2:2","mk:prolific_participant_real_2:2p2","mk:prolific_participant_real_2:2p1","mk:prolific_participant_real_2:2_1",NA
"45","mk:prolific_participant_real_2:2","mk:prolific_participant_real_2:2p1","mk:prolific_participant_real_2:2p3","mk:prolific_participant_real_2:2_2",NA
"46","mk:prolific_participant_real_2:2","mk:prolific_participant_real_2:2p3","mk:prolific_participant_real_2:2p1","mk:prolific_participant_real_2:2_2",NA
"47","mk:prolific_participant_real_2:2","mk:prolific_participant_real_2:2p1","mk:prolific_participant_real_2:2p4","mk:prolific_participant_real_2:2_3",NA
"48","mk:prolific_participant_real_2:2","mk:prolific_participant_real_2:2p4","mk:prolific_participant_real_2:2p1","mk:prolific_participant_real_2:2_3",NA
"49","mk:prolific_participant_real_2:2","mk:prolific_participant_real_2:2p1","mk:prolific_participant_real_2:2p5","mk:prolific_participant_real_2:2_4",0.191570615011547
"50","mk:prolific_participant_real_2:2","mk:prolific_participant_real_2:2p5","mk:prolific_participant_real_2:2p1","mk:prolific_participant_real_2:2_4",0.686640754578606
"51","mk:prolific_participant_real_2:2","mk:prolific_participant_real_2:2p1","mk:prolific_participant_real_2:2p6","mk:prolific_participant_real_2:2_5",-0.0856917547801199
"52","mk:prolific_participant_real_2:2","mk:prolific_participant_real_2:2p6","mk:prolific_participant_real_2:2p1","mk:prolific_participant_real_2:2_5",0.0758822910369386
"53","mk:prolific_participant_real_2:2","mk:prolific_participant_real_2:2p1","mk:prolific_participant_real_2:2p7","mk:prolific_participant_real_2:2_6",1.02482256813655
"54","mk:prolific_participant_real_2:2","mk:prolific_participant_real_2:2p7","mk:prolific_participant_real_2:2p1","mk:prolific_participant_real_2:2_6",-0.146611198546394
"55","mk:prolific_participant_real_2:2","mk:prolific_participant_real_2:2p1","mk:prolific_participant_real_2:2p8","mk:prolific_participant_real_2:2_7",-1.26084151343694
"56","mk:prolific_participant_real_2:2","mk:prolific_participant_real_2:2p8","mk:prolific_participant_real_2:2p1","mk:prolific_participant_real_2:2_7",NA
"57","mk:prolific_participant_real_2:2","mk:prolific_participant_real_2:2p2","mk:prolific_participant_real_2:2p3","mk:prolific_participant_real_2:2_8",NA
"58","mk:prolific_participant_real_2:2","mk:prolific_participant_real_2:2p3","mk:prolific_participant_real_2:2p2","mk:prolific_participant_real_2:2_8",NA
"59","mk:prolific_participant_real_2:2","mk:prolific_participant_real_2:2p2","mk:prolific_participant_real_2:2p4","mk:prolific_participant_real_2:2_9",NA
"60","mk:prolific_participant_real_2:2","mk:prolific_participant_real_2:2p4","mk:prolific_participant_real_2:2p2","mk:prolific_participant_real_2:2_9",NA
"61","mk:prolific_participant_real_2:2","mk:prolific_participant_real_2:2p2","mk:prolific_participant_real_2:2p5","mk:prolific_participant_real_2:2_10",0.206676975129142
"62","mk:prolific_participant_real_2:2","mk:prolific_participant_real_2:2p5","mk:prolific_participant_real_2:2p2","mk:prolific_participant_real_2:2_10",-0.115983153146412
"63","mk:prolific_participant_real_2:2","mk:prolific_participant_real_2:2p2","mk:prolific_participant_real_2:2p6","mk:prolific_participant_real_2:2_11",0.929414605337475
"64","mk:prolific_participant_real_2:2","mk:prolific_participant_real_2:2p6","mk:prolific_participant_real_2:2p2","mk:prolific_participant_real_2:2_11",0.273258383311921
"65","mk:prolific_participant_real_2:2","mk:prolific_participant_real_2:2p2","mk:prolific_participant_real_2:2p7","mk:prolific_participant_real_2:2_12",0.0399289282541417
"66","mk:prolific_participant_real_2:2","mk:prolific_participant_real_2:2p7","mk:prolific_participant_real_2:2p2","mk:prolific_participant_real_2:2_12",0.0507648937285881
"67","mk:prolific_participant_real_2:2","mk:prolific_participant_real_2:2p2","mk:prolific_participant_real_2:2p8","mk:prolific_participant_real_2:2_13",-1.24573515331934
"68","mk:prolific_participant_real_2:2","mk:prolific_participant_real_2:2p8","mk:prolific_participant_real_2:2p2","mk:prolific_participant_real_2:2_13",NA
"69","mk:prolific_participant_real_2:2","mk:prolific_participant_real_2:2p3","mk:prolific_participant_real_2:2p4","mk:prolific_participant_real_2:2_14",NA
"70","mk:prolific_participant_real_2:2","mk:prolific_participant_real_2:2p4","mk:prolific_participant_real_2:2p3","mk:prolific_participant_real_2:2_14",NA
"71","mk:prolific_participant_real_2:2","mk:prolific_participant_real_2:2p3","mk:prolific_participant_real_2:2p5","mk:prolific_participant_real_2:2_15",0.675234915718198
"72","mk:prolific_participant_real_2:2","mk:prolific_participant_real_2:2p5","mk:prolific_participant_real_2:2p3","mk:prolific_participant_real_2:2_15",-0.0184506158980113
"73","mk:prolific_participant_real_2:2","mk:prolific_participant_real_2:2p3","mk:prolific_participant_real_2:2p6","mk:prolific_participant_real_2:2_16",-1.60202745407347
"74","mk:prolific_participant_real_2:2","mk:prolific_participant_real_2:2p6","mk:prolific_participant_real_2:2p3","mk:prolific_participant_real_2:2_16",-0.629209079439678
"75","mk:prolific_participant_real_2:2","mk:prolific_participant_real_2:2p3","mk:prolific_participant_real_2:2p7","mk:prolific_participant_real_2:2_17",0.508486868843198
"76","mk:prolific_participant_real_2:2","mk:prolific_participant_real_2:2p7","mk:prolific_participant_real_2:2p3","mk:prolific_participant_real_2:2_17",0.148297430976989
"77","mk:prolific_participant_real_2:2","mk:prolific_participant_real_2:2p3","mk:prolific_participant_real_2:2p8","mk:prolific_participant_real_2:2_18",1.22282278726971
"78","mk:prolific_participant_real_2:2","mk:prolific_participant_real_2:2p8","mk:prolific_participant_real_2:2p3","mk:prolific_participant_real_2:2_18",0.0890810905940942
"79","mk:prolific_participant_real_2:2","mk:prolific_participant_real_2:2p4","mk:prolific_participant_real_2:2p5","mk:prolific_participant_real_2:2_19",-0.435523547823468
"80","mk:prolific_participant_real_2:2","mk:prolific_participant_real_2:2p5","mk:prolific_participant_real_2:2p4","mk:prolific_participant_real_2:2_19",-0.129697360689679
"81","mk:prolific_participant_real_2:2","mk:prolific_participant_real_2:2p4","mk:prolific_participant_real_2:2p6","mk:prolific_participant_real_2:2_20",-0.712785917615135
"82","mk:prolific_participant_real_2:2","mk:prolific_participant_real_2:2p6","mk:prolific_participant_real_2:2p4","mk:prolific_participant_real_2:2_20",-0.740455824231346
"83","mk:prolific_participant_real_2:2","mk:prolific_participant_real_2:2p4","mk:prolific_participant_real_2:2p7","mk:prolific_participant_real_2:2_21",-0.602271594698468
"84","mk:prolific_participant_real_2:2","mk:prolific_participant_real_2:2p7","mk:prolific_participant_real_2:2p4","mk:prolific_participant_real_2:2_21",0.0370506861853208
"85","mk:prolific_participant_real_2:2","mk:prolific_participant_real_2:2p4","mk:prolific_participant_real_2:2p8","mk:prolific_participant_real_2:2_22",1.11206432372805
"86","mk:prolific_participant_real_2:2","mk:prolific_participant_real_2:2p8","mk:prolific_participant_real_2:2p4","mk:prolific_participant_real_2:2_22",0.977834345802426
"87","mk:prolific_participant_real_2:2","mk:prolific_participant_real_2:2p5","mk:prolific_participant_real_2:2p6","mk:prolific_participant_real_2:2_23",NA
"88","mk:prolific_participant_real_2:2","mk:prolific_participant_real_2:2p6","mk:prolific_participant_real_2:2p5","mk:prolific_participant_real_2:2_23",NA
"89","mk:prolific_participant_real_2:2","mk:prolific_participant_real_2:2p5","mk:prolific_participant_real_2:2p7","mk:prolific_participant_real_2:2_24",NA
"90","mk:prolific_participant_real_2:2","mk:prolific_participant_real_2:2p7","mk:prolific_participant_real_2:2p5","mk:prolific_participant_real_2:2_24",NA
"91","mk:prolific_participant_real_2:2","mk:prolific_participant_real_2:2p5","mk:prolific_participant_real_2:2p8","mk:prolific_participant_real_2:2_25",NA
"92","mk:prolific_participant_real_2:2","mk:prolific_participant_real_2:2p8","mk:prolific_participant_real_2:2p5","mk:prolific_participant_real_2:2_25",NA
"93","mk:prolific_participant_real_2:2","mk:prolific_participant_real_2:2p6","mk:prolific_participant_real_2:2p7","mk:prolific_participant_real_2:2_26",NA
"94","mk:prolific_participant_real_2:2","mk:prolific_participant_real_2:2p7","mk:prolific_participant_real_2:2p6","mk:prolific_participant_real_2:2_26",NA
"95","mk:prolific_participant_real_2:2","mk:prolific_participant_real_2:2p6","mk:prolific_participant_real_2:2p8","mk:prolific_participant_real_2:2_27",NA
"96","mk:prolific_participant_real_2:2","mk:prolific_participant_real_2:2p8","mk:prolific_participant_real_2:2p6","mk:prolific_participant_real_2:2_27",NA
"97","mk:prolific_participant_real_2:2","mk:prolific_participant_real_2:2p7","mk:prolific_participant_real_2:2p8","mk:prolific_participant_real_2:2_28",NA
"98","mk:prolific_participant_real_2:2","mk:prolific_participant_real_2:2p8","mk:prolific_participant_real_2:2p7","mk:prolific_participant_real_2:2_28",NA
"99","mk:prolific_participant_real_3:1","mk:prolific_participant_real_3:1p2","mk:prolific_participant_real_3:1p3","mk:prolific_participant_real_3:1_1",NA
"100","mk:prolific_participant_real_3:1","mk:prolific_participant_real_3:1p3","mk:prolific_participant_real_3:1p2","mk:prolific_participant_real_3:1_1",NA
"101","mk:prolific_participant_real_3:1","mk:prolific_participant_real_3:1p2","mk:prolific_participant_real_3:1p4","mk:prolific_participant_real_3:1_2",NA
"102","mk:prolific_participant_real_3:1","mk:prolific_participant_real_3:1p4","mk:prolific_participant_real_3:1p2","mk:prolific_participant_real_3:1_2",NA
"103","mk:prolific_participant_real_3:1","mk:prolific_participant_real_3:1p2","mk:prolific_participant_real_3:1p5","mk:prolific_participant_real_3:1_3",0.0170609085648135
"104","mk:prolific_participant_real_3:1","mk:prolific_participant_real_3:1p5","mk:prolific_participant_real_3:1p2","mk:prolific_participant_real_3:1_3",0.378991849922838
"105","mk:prolific_participant_real_3:1","mk:prolific_participant_real_3:1p2","mk:prolific_participant_real_3:1p6","mk:prolific_participant_real_3:1_4",0.40589554398148
"106","mk:prolific_participant_real_3:1","mk:prolific_participant_real_3:1p6","mk:prolific_participant_real_3:1p2","mk:prolific_participant_real_3:1_4",-1.34285059799383
"107","mk:prolific_participant_real_3:1","mk:prolific_participant_real_3:1p2","mk:prolific_participant_real_3:1p7","mk:prolific_participant_real_3:1_5",NA
"108","mk:prolific_participant_real_3:1","mk:prolific_participant_real_3:1p7","mk:prolific_participant_real_3:1p2","mk:prolific_participant_real_3:1_5",0.485541315693585
"109","mk:prolific_participant_real_3:1","mk:prolific_participant_real_3:1p3","mk:prolific_participant_real_3:1p4","mk:prolific_participant_real_3:1_6",NA
"110","mk:prolific_participant_real_3:1","mk:prolific_participant_real_3:1p4","mk:prolific_participant_real_3:1p3","mk:prolific_participant_real_3:1_6",NA
"111","mk:prolific_participant_real_3:1","mk:prolific_participant_real_3:1p3","mk:prolific_participant_real_3:1p5","mk:prolific_participant_real_3:1_7",0.499840119705931
"112","mk:prolific_participant_real_3:1","mk:prolific_participant_real_3:1p5","mk:prolific_participant_real_3:1p3","mk:prolific_participant_real_3:1_7",0.0496233737354235
"113","mk:prolific_participant_real_3:1","mk:prolific_participant_real_3:1p3","mk:prolific_participant_real_3:1p6","mk:prolific_participant_real_3:1_8",-0.111325244877402
"114","mk:prolific_participant_real_3:1","mk:prolific_participant_real_3:1p6","mk:prolific_participant_real_3:1p3","mk:prolific_participant_real_3:1_8",0.327780925818757
"115","mk:prolific_participant_real_3:1","mk:prolific_participant_real_3:1p3","mk:prolific_participant_real_3:1p7","mk:prolific_participant_real_3:1_9",-1.53713831018519
"116","mk:prolific_participant_real_3:1","mk:prolific_participant_real_3:1p7","mk:prolific_participant_real_3:1p3","mk:prolific_participant_real_3:1_9",0.156172839506171
"117","mk:prolific_participant_real_3:1","mk:prolific_participant_real_3:1p4","mk:prolific_participant_real_3:1p5","mk:prolific_participant_real_3:1_10",-0.250729541752403
"118","mk:prolific_participant_real_3:1","mk:prolific_participant_real_3:1p5","mk:prolific_participant_real_3:1p4","mk:prolific_participant_real_3:1_10",-0.144631183556243
"119","mk:prolific_participant_real_3:1","mk:prolific_participant_real_3:1p4","mk:prolific_participant_real_3:1p6","mk:prolific_participant_real_3:1_11",0.138105093664264
"120","mk:prolific_participant_real_3:1","mk:prolific_participant_real_3:1p6","mk:prolific_participant_real_3:1p4","mk:prolific_participant_real_3:1_11",0.133526368527091
"121","mk:prolific_participant_real_3:1","mk:prolific_participant_real_3:1p4","mk:prolific_participant_real_3:1p7","mk:prolific_participant_real_3:1_12",0.71229202835648
"122","mk:prolific_participant_real_3:1","mk:prolific_participant_real_3:1p7","mk:prolific_participant_real_3:1p4","mk:prolific_participant_real_3:1_12",-0.0380817177854951
"123","mk:prolific_participant_real_3:1","mk:prolific_participant_real_3:1p5","mk:prolific_participant_real_3:1p6","mk:prolific_participant_real_3:1_13",NA
"124","mk:prolific_participant_real_3:1","mk:prolific_participant_real_3:1p6","mk:prolific_participant_real_3:1p5","mk:prolific_participant_real_3:1_13",NA
"125","mk:prolific_participant_real_3:1","mk:prolific_participant_real_3:1p5","mk:prolific_participant_real_3:1p7","mk:prolific_participant_real_3:1_14",NA
"126","mk:prolific_participant_real_3:1","mk:prolific_participant_real_3:1p7","mk:prolific_participant_real_3:1p5","mk:prolific_participant_real_3:1_14",NA
"127","mk:prolific_participant_real_3:1","mk:prolific_participant_real_3:1p6","mk:prolific_participant_real_3:1p7","mk:prolific_participant_real_3:1_15",NA
"128","mk:prolific_participant_real_3:1","mk:prolific_participant_real_3:1p7","mk:prolific_participant_real_3:1p6","mk:prolific_participant_real_3:1_15",NA
"129","mk:prolific_participant_real_3:2","mk:prolific_participant_real_3:2p1","mk:prolific_participant_real_3:2p2","mk:prolific_participant_real_3:2_1",NA
"130","mk:prolific_participant_real_3:2","mk:prolific_participant_real_3:2p2","mk:prolific_participant_real_3:2p1","mk:prolific_participant_real_3:2_1",NA
"131","mk:prolific_participant_real_3:2","mk:prolific_participant_real_3:2p1","mk:prolific_participant_real_3:2p3","mk:prolific_participant_real_3:2_2",NA
"132","mk:prolific_participant_real_3:2","mk:prolific_participant_real_3:2p3","mk:prolific_participant_real_3:2p1","mk:prolific_participant_real_3:2_2",NA
"133","mk:prolific_participant_real_3:2","mk:prolific_participant_real_3:2p1","mk:prolific_participant_real_3:2p4","mk:prolific_participant_real_3:2_3",NA
"134","mk:prolific_participant_real_3:2","mk:prolific_participant_real_3:2p4","mk:prolific_participant_real_3:2p1","mk:prolific_participant_real_3:2_3",NA
"135","mk:prolific_participant_real_3:2","mk:prolific_participant_real_3:2p1","mk:prolific_participant_real_3:2p5","mk:prolific_participant_real_3:2_4",-0.178346906389508
"136","mk:prolific_participant_real_3:2","mk:prolific_participant_real_3:2p5","mk:prolific_participant_real_3:2p1","mk:prolific_participant_real_3:2_4",0.377449398949034
"137","mk:prolific_participant_real_3:2","mk:prolific_participant_real_3:2p1","mk:prolific_participant_real_3:2p6","mk:prolific_participant_real_3:2_5",0.690374949621775
"138","mk:prolific_participant_real_3:2","mk:prolific_participant_real_3:2p6","mk:prolific_participant_real_3:2p1","mk:prolific_participant_real_3:2_5",-0.19681173657614
"139","mk:prolific_participant_real_3:2","mk:prolific_participant_real_3:2p1","mk:prolific_participant_real_3:2p7","mk:prolific_participant_real_3:2_6",-0.150677635556176
"140","mk:prolific_participant_real_3:2","mk:prolific_participant_real_3:2p7","mk:prolific_participant_real_3:2p1","mk:prolific_participant_real_3:2_6",-0.260896955217633
"141","mk:prolific_participant_real_3:2","mk:prolific_participant_real_3:2p1","mk:prolific_participant_real_3:2p8","mk:prolific_participant_real_3:2_7",-0.0113547188895078
"142","mk:prolific_participant_real_3:2","mk:prolific_participant_real_3:2p8","mk:prolific_participant_real_3:2p1","mk:prolific_participant_real_3:2_7",0.210457211449034
"143","mk:prolific_participant_real_3:2","mk:prolific_participant_real_3:2p2","mk:prolific_participant_real_3:2p3","mk:prolific_participant_real_3:2_8",NA
"144","mk:prolific_participant_real_3:2","mk:prolific_participant_real_3:2p3","mk:prolific_participant_real_3:2p2","mk:prolific_participant_real_3:2_8",NA
"145","mk:prolific_participant_real_3:2","mk:prolific_participant_real_3:2p2","mk:prolific_participant_real_3:2p4","mk:prolific_participant_real_3:2_9",NA
"146","mk:prolific_participant_real_3:2","mk:prolific_participant_real_3:2p4","mk:prolific_participant_real_3:2p2","mk:prolific_participant_real_3:2_9",NA
"147","mk:prolific_participant_real_3:2","mk:prolific_participant_real_3:2p2","mk:prolific_participant_real_3:2p5","mk:prolific_participant_real_3:2_10",-0.0340174114893346
"148","mk:prolific_participant_real_3:2","mk:prolific_participant_real_3:2p5","mk:prolific_participant_real_3:2p2","mk:prolific_participant_real_3:2_10",-0.251933264353917
"149","mk:prolific_participant_real_3:2","mk:prolific_participant_real_3:2p2","mk:prolific_participant_real_3:2p6","mk:prolific_participant_real_3:2_11",NA
"150","mk:prolific_participant_real_3:2","mk:prolific_participant_real_3:2p6","mk:prolific_participant_real_3:2p2","mk:prolific_participant_real_3:2_11",-0.826194399879091
"151","mk:prolific_participant_real_3:2","mk:prolific_participant_real_3:2p2","mk:prolific_participant_real_3:2p7","mk:prolific_participant_real_3:2_12",-0.00634814065600242
"152","mk:prolific_participant_real_3:2","mk:prolific_participant_real_3:2p7","mk:prolific_participant_real_3:2p2","mk:prolific_participant_real_3:2_12",0.109720381479416
"153","mk:prolific_participant_real_3:2","mk:prolific_participant_real_3:2p2","mk:prolific_participant_real_3:2p8","mk:prolific_participant_real_3:2_13",0.132974776010665
"154","mk:prolific_participant_real_3:2","mk:prolific_participant_real_3:2p8","mk:prolific_participant_real_3:2p2","mk:prolific_participant_real_3:2_13",0.581074548146083
"155","mk:prolific_participant_real_3:2","mk:prolific_participant_real_3:2p3","mk:prolific_participant_real_3:2p4","mk:prolific_participant_real_3:2_14",NA
"156","mk:prolific_participant_real_3:2","mk:prolific_participant_real_3:2p4","mk:prolific_participant_real_3:2p3","mk:prolific_participant_real_3:2_14",NA
"157","mk:prolific_participant_real_3:2","mk:prolific_participant_real_3:2p3","mk:prolific_participant_real_3:2p5","mk:prolific_participant_real_3:2_15",-0.136843000139507
"158","mk:prolific_participant_real_3:2","mk:prolific_participant_real_3:2p5","mk:prolific_participant_real_3:2p3","mk:prolific_participant_real_3:2_15",-0.0800701323009658
"159","mk:prolific_participant_real_3:2","mk:prolific_participant_real_3:2p3","mk:prolific_participant_real_3:2p6","mk:prolific_participant_real_3:2_16",0.731878855871776
"160","mk:prolific_participant_real_3:2","mk:prolific_participant_real_3:2p6","mk:prolific_participant_real_3:2p3","mk:prolific_participant_real_3:2_16",0.34566873217386
"161","mk:prolific_participant_real_3:2","mk:prolific_participant_real_3:2p3","mk:prolific_participant_real_3:2p7","mk:prolific_participant_real_3:2_17",-0.109173729306175
"162","mk:prolific_participant_real_3:2","mk:prolific_participant_real_3:2p7","mk:prolific_participant_real_3:2p3","mk:prolific_participant_real_3:2_17",-0.718416486467633
"163","mk:prolific_participant_real_3:2","mk:prolific_participant_real_3:2p3","mk:prolific_participant_real_3:2p8","mk:prolific_participant_real_3:2_18",0.0301491873604931
"164","mk:prolific_participant_real_3:2","mk:prolific_participant_real_3:2p8","mk:prolific_participant_real_3:2p3","mk:prolific_participant_real_3:2_18",-0.247062319800966
"165","mk:prolific_participant_real_3:2","mk:prolific_participant_real_3:2p4","mk:prolific_participant_real_3:2p5","mk:prolific_participant_real_3:2_19",0.698117937360492
"166","mk:prolific_participant_real_3:2","mk:prolific_participant_real_3:2p5","mk:prolific_participant_real_3:2p4","mk:prolific_participant_real_3:2_19",0.0849689301990342
"167","mk:prolific_participant_real_3:2","mk:prolific_participant_real_3:2p4","mk:prolific_participant_real_3:2p6","mk:prolific_participant_real_3:2_20",-2.43316020662822
"168","mk:prolific_participant_real_3:2","mk:prolific_participant_real_3:2p6","mk:prolific_participant_real_3:2p4","mk:prolific_participant_real_3:2_20",0.51070779467386
"169","mk:prolific_participant_real_3:2","mk:prolific_participant_real_3:2p4","mk:prolific_participant_real_3:2p7","mk:prolific_participant_real_3:2_21",0.725787208193824
"170","mk:prolific_participant_real_3:2","mk:prolific_participant_real_3:2p7","mk:prolific_participant_real_3:2p4","mk:prolific_participant_real_3:2_21",0.446622576032367
"171","mk:prolific_participant_real_3:2","mk:prolific_participant_real_3:2p4","mk:prolific_participant_real_3:2p8","mk:prolific_participant_real_3:2_22",-0.134889875139508
"172","mk:prolific_participant_real_3:2","mk:prolific_participant_real_3:2p8","mk:prolific_participant_real_3:2p4","mk:prolific_participant_real_3:2_22",-0.0820232573009658
"173","mk:prolific_participant_real_3:2","mk:prolific_participant_real_3:2p5","mk:prolific_participant_real_3:2p6","mk:prolific_participant_real_3:2_23",NA
"174","mk:prolific_participant_real_3:2","mk:prolific_participant_real_3:2p6","mk:prolific_participant_real_3:2p5","mk:prolific_participant_real_3:2_23",NA
"175","mk:prolific_participant_real_3:2","mk:prolific_participant_real_3:2p5","mk:prolific_participant_real_3:2p7","mk:prolific_participant_real_3:2_24",NA
"176","mk:prolific_participant_real_3:2","mk:prolific_participant_real_3:2p7","mk:prolific_participant_real_3:2p5","mk:prolific_participant_real_3:2_24",NA
"177","mk:prolific_participant_real_3:2","mk:prolific_participant_real_3:2p5","mk:prolific_participant_real_3:2p8","mk:prolific_participant_real_3:2_25",NA
"178","mk:prolific_participant_real_3:2","mk:prolific_participant_real_3:2p8","mk:prolific_participant_real_3:2p5","mk:prolific_participant_real_3:2_25",NA
"179","mk:prolific_participant_real_3:2","mk:prolific_participant_real_3:2p6","mk:prolific_participant_real_3:2p7","mk:prolific_participant_real_3:2_26",NA
"180","mk:prolific_participant_real_3:2","mk:prolific_participant_real_3:2p7","mk:prolific_participant_real_3:2p6","mk:prolific_participant_real_3:2_26",NA
"181","mk:prolific_participant_real_3:2","mk:prolific_participant_real_3:2p6","mk:prolific_participant_real_3:2p8","mk:prolific_participant_real_3:2_27",NA
"182","mk:prolific_participant_real_3:2","mk:prolific_participant_real_3:2p8","mk:prolific_participant_real_3:2p6","mk:prolific_participant_real_3:2_27",NA
"183","mk:prolific_participant_real_3:2","mk:prolific_participant_real_3:2p7","mk:prolific_participant_real_3:2p8","mk:prolific_participant_real_3:2_28",NA
"184","mk:prolific_participant_real_3:2","mk:prolific_participant_real_3:2p8","mk:prolific_participant_real_3:2p7","mk:prolific_participant_real_3:2_28",NA
"185","mk:real_meeting_experiment_prolific:2","mk:real_meeting_experiment_prolific:2p1","mk:real_meeting_experiment_prolific:2p2","mk:real_meeting_experiment_prolific:2_1",NA
"186","mk:real_meeting_experiment_prolific:2","mk:real_meeting_experiment_prolific:2p2","mk:real_meeting_experiment_prolific:2p1","mk:real_meeting_experiment_prolific:2_1",NA
"187","mk:real_meeting_experiment_prolific:2","mk:real_meeting_experiment_prolific:2p1","mk:real_meeting_experiment_prolific:2p3","mk:real_meeting_experiment_prolific:2_2",NA
"188","mk:real_meeting_experiment_prolific:2","mk:real_meeting_experiment_prolific:2p3","mk:real_meeting_experiment_prolific:2p1","mk:real_meeting_experiment_prolific:2_2",NA
"189","mk:real_meeting_experiment_prolific:2","mk:real_meeting_experiment_prolific:2p1","mk:real_meeting_experiment_prolific:2p4","mk:real_meeting_experiment_prolific:2_3",NA
"190","mk:real_meeting_experiment_prolific:2","mk:real_meeting_experiment_prolific:2p4","mk:real_meeting_experiment_prolific:2p1","mk:real_meeting_experiment_prolific:2_3",NA
"191","mk:real_meeting_experiment_prolific:2","mk:real_meeting_experiment_prolific:2p1","mk:real_meeting_experiment_prolific:2p5","mk:real_meeting_experiment_prolific:2_4",1.04342409164187
"192","mk:real_meeting_experiment_prolific:2","mk:real_meeting_experiment_prolific:2p5","mk:real_meeting_experiment_prolific:2p1","mk:real_meeting_experiment_prolific:2_4",-0.145011780753966
"193","mk:real_meeting_experiment_prolific:2","mk:real_meeting_experiment_prolific:2p1","mk:real_meeting_experiment_prolific:2p6","mk:real_meeting_experiment_prolific:2_5",-0.463369460332959
"194","mk:real_meeting_experiment_prolific:2","mk:real_meeting_experiment_prolific:2p6","mk:real_meeting_experiment_prolific:2p1","mk:real_meeting_experiment_prolific:2_5",NA
"195","mk:real_meeting_experiment_prolific:2","mk:real_meeting_experiment_prolific:2p1","mk:real_meeting_experiment_prolific:2p7","mk:real_meeting_experiment_prolific:2_6",0.4456050812252
"196","mk:real_meeting_experiment_prolific:2","mk:real_meeting_experiment_prolific:2p7","mk:real_meeting_experiment_prolific:2p1","mk:real_meeting_experiment_prolific:2_6",0.0901770213293664
"197","mk:real_meeting_experiment_prolific:2","mk:real_meeting_experiment_prolific:2p1","mk:real_meeting_experiment_prolific:2p8","mk:real_meeting_experiment_prolific:2_7",-1.0119144500248
"198","mk:real_meeting_experiment_prolific:2","mk:real_meeting_experiment_prolific:2p8","mk:real_meeting_experiment_prolific:2p1","mk:real_meeting_experiment_prolific:2_7",0.131680927579367
"199","mk:real_meeting_experiment_prolific:2","mk:real_meeting_experiment_prolific:2p2","mk:real_meeting_experiment_prolific:2p3","mk:real_meeting_experiment_prolific:2_8",NA
"200","mk:real_meeting_experiment_prolific:2","mk:real_meeting_experiment_prolific:2p3","mk:real_meeting_experiment_prolific:2p2","mk:real_meeting_experiment_prolific:2_8",NA
"201","mk:real_meeting_experiment_prolific:2","mk:real_meeting_experiment_prolific:2p2","mk:real_meeting_experiment_prolific:2p4","mk:real_meeting_experiment_prolific:2_9",NA
"202","mk:real_meeting_experiment_prolific:2","mk:real_meeting_experiment_prolific:2p4","mk:real_meeting_experiment_prolific:2p2","mk:real_meeting_experiment_prolific:2_9",NA
"203","mk:real_meeting_experiment_prolific:2","mk:real_meeting_experiment_prolific:2p2","mk:real_meeting_experiment_prolific:2p5","mk:real_meeting_experiment_prolific:2_10",0.481098720005581
"204","mk:real_meeting_experiment_prolific:2","mk:real_meeting_experiment_prolific:2p5","mk:real_meeting_experiment_prolific:2p2","mk:real_meeting_experiment_prolific:2_10",0.557992844354541
"205","mk:real_meeting_experiment_prolific:2","mk:real_meeting_experiment_prolific:2p2","mk:real_meeting_experiment_prolific:2p6","mk:real_meeting_experiment_prolific:2_11",-0.0256948319692452
"206","mk:real_meeting_experiment_prolific:2","mk:real_meeting_experiment_prolific:2p6","mk:real_meeting_experiment_prolific:2p2","mk:real_meeting_experiment_prolific:2_11",-0.0494171626984121
"207","mk:real_meeting_experiment_prolific:2","mk:real_meeting_experiment_prolific:2p2","mk:real_meeting_experiment_prolific:2p7","mk:real_meeting_experiment_prolific:2_12",-0.116720290411085
"208","mk:real_meeting_experiment_prolific:2","mk:real_meeting_experiment_prolific:2p7","mk:real_meeting_experiment_prolific:2p2","mk:real_meeting_experiment_prolific:2_12",-0.206818353562127
"209","mk:real_meeting_experiment_prolific:2","mk:real_meeting_experiment_prolific:2p2","mk:real_meeting_experiment_prolific:2p8","mk:real_meeting_experiment_prolific:2_13",0.425760178338915
"210","mk:real_meeting_experiment_prolific:2","mk:real_meeting_experiment_prolific:2p8","mk:real_meeting_experiment_prolific:2p2","mk:real_meeting_experiment_prolific:2_13",-0.165314447312126
"211","mk:real_meeting_experiment_prolific:2","mk:real_meeting_experiment_prolific:2p3","mk:real_meeting_experiment_prolific:2p4","mk:real_meeting_experiment_prolific:2_14",NA
"212","mk:real_meeting_experiment_prolific:2","mk:real_meeting_experiment_prolific:2p4","mk:real_meeting_experiment_prolific:2p3","mk:real_meeting_experiment_prolific:2_14",NA
"213","mk:real_meeting_experiment_prolific:2","mk:real_meeting_experiment_prolific:2p3","mk:real_meeting_experiment_prolific:2p5","mk:real_meeting_experiment_prolific:2_15",0.218240647088914
"214","mk:real_meeting_experiment_prolific:2","mk:real_meeting_experiment_prolific:2p5","mk:real_meeting_experiment_prolific:2p3","mk:real_meeting_experiment_prolific:2_15",-0.205841791062126
"215","mk:real_meeting_experiment_prolific:2","mk:real_meeting_experiment_prolific:2p3","mk:real_meeting_experiment_prolific:2p6","mk:real_meeting_experiment_prolific:2_16",-0.288552904885912
"216","mk:real_meeting_experiment_prolific:2","mk:real_meeting_experiment_prolific:2p6","mk:real_meeting_experiment_prolific:2p3","mk:real_meeting_experiment_prolific:2_16",0.186748201884921
"217","mk:real_meeting_experiment_prolific:2","mk:real_meeting_experiment_prolific:2p3","mk:real_meeting_experiment_prolific:2p7","mk:real_meeting_experiment_prolific:2_17",-0.379578363327752
"218","mk:real_meeting_experiment_prolific:2","mk:real_meeting_experiment_prolific:2p7","mk:real_meeting_experiment_prolific:2p3","mk:real_meeting_experiment_prolific:2_17",0.0293470110212057
"219","mk:real_meeting_experiment_prolific:2","mk:real_meeting_experiment_prolific:2p3","mk:real_meeting_experiment_prolific:2p8","mk:real_meeting_experiment_prolific:2_18",0.162902105422248
"220","mk:real_meeting_experiment_prolific:2","mk:real_meeting_experiment_prolific:2p8","mk:real_meeting_experiment_prolific:2p3","mk:real_meeting_experiment_prolific:2_18",0.0708509172712066
"221","mk:real_meeting_experiment_prolific:2","mk:real_meeting_experiment_prolific:2p4","mk:real_meeting_experiment_prolific:2p5","mk:real_meeting_experiment_prolific:2_19",-1.58709789457775
"222","mk:real_meeting_experiment_prolific:2","mk:real_meeting_experiment_prolific:2p5","mk:real_meeting_experiment_prolific:2p4","mk:real_meeting_experiment_prolific:2_19",-1.01118033272879
"223","mk:real_meeting_experiment_prolific:2","mk:real_meeting_experiment_prolific:2p4","mk:real_meeting_experiment_prolific:2p6","mk:real_meeting_experiment_prolific:2_20",-0.0938914465525782
"224","mk:real_meeting_experiment_prolific:2","mk:real_meeting_experiment_prolific:2p6","mk:real_meeting_experiment_prolific:2p4","mk:real_meeting_experiment_prolific:2_20",0.381409660218255
"225","mk:real_meeting_experiment_prolific:2","mk:real_meeting_experiment_prolific:2p4","mk:real_meeting_experiment_prolific:2p7","mk:real_meeting_experiment_prolific:2_21",0.815083095005582
"226","mk:real_meeting_experiment_prolific:2","mk:real_meeting_experiment_prolific:2p7","mk:real_meeting_experiment_prolific:2p4","mk:real_meeting_experiment_prolific:2_21",0.22400846935454
"227","mk:real_meeting_experiment_prolific:2","mk:real_meeting_experiment_prolific:2p4","mk:real_meeting_experiment_prolific:2p8","mk:real_meeting_experiment_prolific:2_22",0.357563563755582
"228","mk:real_meeting_experiment_prolific:2","mk:real_meeting_experiment_prolific:2p8","mk:real_meeting_experiment_prolific:2p4","mk:real_meeting_experiment_prolific:2_22",0.265512375604541
"229","mk:real_meeting_experiment_prolific:2","mk:real_meeting_experiment_prolific:2p5","mk:real_meeting_experiment_prolific:2p6","mk:real_meeting_experiment_prolific:2_23",NA
"230","mk:real_meeting_experiment_prolific:2","mk:real_meeting_experiment_prolific:2p6","mk:real_meeting_experiment_prolific:2p5","mk:real_meeting_experiment_prolific:2_23",NA
"231","mk:real_meeting_experiment_prolific:2","mk:real_meeting_experiment_prolific:2p5","mk:real_meeting_experiment_prolific:2p7","mk:real_meeting_experiment_prolific:2_24",NA
"232","mk:real_meeting_experiment_prolific:2","mk:real_meeting_experiment_prolific:2p7","mk:real_meeting_experiment_prolific:2p5","mk:real_meeting_experiment_prolific:2_24",NA
"233","mk:real_meeting_experiment_prolific:2","mk:real_meeting_experiment_prolific:2p5","mk:real_meeting_experiment_prolific:2p8","mk:real_meeting_experiment_prolific:2_25",NA
"234","mk:real_meeting_experiment_prolific:2","mk:real_meeting_experiment_prolific:2p8","mk:real_meeting_experiment_prolific:2p5","mk:real_meeting_experiment_prolific:2_25",NA
"235","mk:real_meeting_experiment_prolific:2","mk:real_meeting_experiment_prolific:2p6","mk:real_meeting_experiment_prolific:2p7","mk:real_meeting_experiment_prolific:2_26",NA
"236","mk:real_meeting_experiment_prolific:2","mk:real_meeting_experiment_prolific:2p7","mk:real_meeting_experiment_prolific:2p6","mk:real_meeting_experiment_prolific:2_26",NA
"237","mk:real_meeting_experiment_prolific:2","mk:real_meeting_experiment_prolific:2p6","mk:real_meeting_experiment_prolific:2p8","mk:real_meeting_experiment_prolific:2_27",NA
"238","mk:real_meeting_experiment_prolific:2","mk:real_meeting_experiment_prolific:2p8","mk:real_meeting_experiment_prolific:2p6","mk:real_meeting_experiment_prolific:2_27",NA
"239","mk:real_meeting_experiment_prolific:2","mk:real_meeting_experiment_prolific:2p7","mk:real_meeting_experiment_prolific:2p8","mk:real_meeting_experiment_prolific:2_28",NA
"240","mk:real_meeting_experiment_prolific:2","mk:real_meeting_experiment_prolific:2p8","mk:real_meeting_experiment_prolific:2p7","mk:real_meeting_experiment_prolific:2_28",NA
"241","mk:real_meeting_experiment_prolific:4","mk:real_meeting_experiment_prolific:4p1","mk:real_meeting_experiment_prolific:4p2","mk:real_meeting_experiment_prolific:4_1",NA
"242","mk:real_meeting_experiment_prolific:4","mk:real_meeting_experiment_prolific:4p2","mk:real_meeting_experiment_prolific:4p1","mk:real_meeting_experiment_prolific:4_1",NA
"243","mk:real_meeting_experiment_prolific:4","mk:real_meeting_experiment_prolific:4p1","mk:real_meeting_experiment_prolific:4p3","mk:real_meeting_experiment_prolific:4_2",NA
"244","mk:real_meeting_experiment_prolific:4","mk:real_meeting_experiment_prolific:4p3","mk:real_meeting_experiment_prolific:4p1","mk:real_meeting_experiment_prolific:4_2",NA
"245","mk:real_meeting_experiment_prolific:4","mk:real_meeting_experiment_prolific:4p1","mk:real_meeting_experiment_prolific:4p4","mk:real_meeting_experiment_prolific:4_3",NA
"246","mk:real_meeting_experiment_prolific:4","mk:real_meeting_experiment_prolific:4p4","mk:real_meeting_experiment_prolific:4p1","mk:real_meeting_experiment_prolific:4_3",NA
"247","mk:real_meeting_experiment_prolific:4","mk:real_meeting_experiment_prolific:4p1","mk:real_meeting_experiment_prolific:4p5","mk:real_meeting_experiment_prolific:4_4",0.0947504744426935
"248","mk:real_meeting_experiment_prolific:4","mk:real_meeting_experiment_prolific:4p5","mk:real_meeting_experiment_prolific:4p1","mk:real_meeting_experiment_prolific:4_4",-1.78153479731907
"249","mk:real_meeting_experiment_prolific:4","mk:real_meeting_experiment_prolific:4p1","mk:real_meeting_experiment_prolific:4p7","mk:real_meeting_experiment_prolific:4_5",-0.207915039519036
"250","mk:real_meeting_experiment_prolific:4","mk:real_meeting_experiment_prolific:4p7","mk:real_meeting_experiment_prolific:4p1","mk:real_meeting_experiment_prolific:4_5",-0.329420114112388
"251","mk:real_meeting_experiment_prolific:4","mk:real_meeting_experiment_prolific:4p1","mk:real_meeting_experiment_prolific:4p8","mk:real_meeting_experiment_prolific:4_6",1.31295957789873
"252","mk:real_meeting_experiment_prolific:4","mk:real_meeting_experiment_prolific:4p8","mk:real_meeting_experiment_prolific:4p1","mk:real_meeting_experiment_prolific:4_6",1.52755039066595
"253","mk:real_meeting_experiment_prolific:4","mk:real_meeting_experiment_prolific:4p2","mk:real_meeting_experiment_prolific:4p3","mk:real_meeting_experiment_prolific:4_7",NA
"254","mk:real_meeting_experiment_prolific:4","mk:real_meeting_experiment_prolific:4p3","mk:real_meeting_experiment_prolific:4p2","mk:real_meeting_experiment_prolific:4_7",NA
"255","mk:real_meeting_experiment_prolific:4","mk:real_meeting_experiment_prolific:4p2","mk:real_meeting_experiment_prolific:4p4","mk:real_meeting_experiment_prolific:4_8",NA
"256","mk:real_meeting_experiment_prolific:4","mk:real_meeting_experiment_prolific:4p4","mk:real_meeting_experiment_prolific:4p2","mk:real_meeting_experiment_prolific:4_8",NA
"257","mk:real_meeting_experiment_prolific:4","mk:real_meeting_experiment_prolific:4p2","mk:real_meeting_experiment_prolific:4p5","mk:real_meeting_experiment_prolific:4_9",0.15508049566401
"258","mk:real_meeting_experiment_prolific:4","mk:real_meeting_experiment_prolific:4p5","mk:real_meeting_experiment_prolific:4p2","mk:real_meeting_experiment_prolific:4_9",0.878287498946372
"259","mk:real_meeting_experiment_prolific:4","mk:real_meeting_experiment_prolific:4p2","mk:real_meeting_experiment_prolific:4p7","mk:real_meeting_experiment_prolific:4_10",0.852414981702281
"260","mk:real_meeting_experiment_prolific:4","mk:real_meeting_experiment_prolific:4p7","mk:real_meeting_experiment_prolific:4p2","mk:real_meeting_experiment_prolific:4_10",0.330402182153057
"261","mk:real_meeting_experiment_prolific:4","mk:real_meeting_experiment_prolific:4p2","mk:real_meeting_experiment_prolific:4p8","mk:real_meeting_experiment_prolific:4_11",-1.62671040087995
"262","mk:real_meeting_experiment_prolific:4","mk:real_meeting_experiment_prolific:4p8","mk:real_meeting_experiment_prolific:4p2","mk:real_meeting_experiment_prolific:4_11",-0.812627313068606
"263","mk:real_meeting_experiment_prolific:4","mk:real_meeting_experiment_prolific:4p3","mk:real_meeting_experiment_prolific:4p4","mk:real_meeting_experiment_prolific:4_12",NA
"264","mk:real_meeting_experiment_prolific:4","mk:real_meeting_experiment_prolific:4p4","mk:real_meeting_experiment_prolific:4p3","mk:real_meeting_experiment_prolific:4_12",NA
"265","mk:real_meeting_experiment_prolific:4","mk:real_meeting_experiment_prolific:4p3","mk:real_meeting_experiment_prolific:4p5","mk:real_meeting_experiment_prolific:4_13",-0.317004592536201
"266","mk:real_meeting_experiment_prolific:4","mk:real_meeting_experiment_prolific:4p5","mk:real_meeting_experiment_prolific:4p3","mk:real_meeting_experiment_prolific:4_13",1.23583116653315
"267","mk:real_meeting_experiment_prolific:4","mk:real_meeting_experiment_prolific:4p3","mk:real_meeting_experiment_prolific:4p7","mk:real_meeting_experiment_prolific:4_14",NA
"268","mk:real_meeting_experiment_prolific:4","mk:real_meeting_experiment_prolific:4p7","mk:real_meeting_experiment_prolific:4p3","mk:real_meeting_experiment_prolific:4_14",NA
"269","mk:real_meeting_experiment_prolific:4","mk:real_meeting_experiment_prolific:4p3","mk:real_meeting_experiment_prolific:4p8","mk:real_meeting_experiment_prolific:4_15",-1.09879548908016
"270","mk:real_meeting_experiment_prolific:4","mk:real_meeting_experiment_prolific:4p8","mk:real_meeting_experiment_prolific:4p3","mk:real_meeting_experiment_prolific:4_15",-1.45508364548183
"271","mk:real_meeting_experiment_prolific:4","mk:real_meeting_experiment_prolific:4p4","mk:real_meeting_experiment_prolific:4p5","mk:real_meeting_experiment_prolific:4_16",0.27483388639973
"272","mk:real_meeting_experiment_prolific:4","mk:real_meeting_experiment_prolific:4p5","mk:real_meeting_experiment_prolific:4p4","mk:real_meeting_experiment_prolific:4_16",-0.201668981771696
"273","mk:real_meeting_experiment_prolific:4","mk:real_meeting_experiment_prolific:4p4","mk:real_meeting_experiment_prolific:4p7","mk:real_meeting_experiment_prolific:4_17",-0.0278316275619996
"274","mk:real_meeting_experiment_prolific:4","mk:real_meeting_experiment_prolific:4p7","mk:real_meeting_experiment_prolific:4p4","mk:real_meeting_experiment_prolific:4_17",-0.74955429856501
"275","mk:real_meeting_experiment_prolific:4","mk:real_meeting_experiment_prolific:4p4","mk:real_meeting_experiment_prolific:4p8","mk:real_meeting_experiment_prolific:4_18",0.493042989855771
"276","mk:real_meeting_experiment_prolific:4","mk:real_meeting_experiment_prolific:4p8","mk:real_meeting_experiment_prolific:4p4","mk:real_meeting_experiment_prolific:4_18",1.10741620621333
"277","mk:real_meeting_experiment_prolific:4","mk:real_meeting_experiment_prolific:4p5","mk:real_meeting_experiment_prolific:4p7","mk:real_meeting_experiment_prolific:4_19",NA
"278","mk:real_meeting_experiment_prolific:4","mk:real_meeting_experiment_prolific:4p7","mk:real_meeting_experiment_prolific:4p5","mk:real_meeting_experiment_prolific:4_19",NA
"279","mk:real_meeting_experiment_prolific:4","mk:real_meeting_experiment_prolific:4p5","mk:real_meeting_experiment_prolific:4p8","mk:real_meeting_experiment_prolific:4_20",NA
"280","mk:real_meeting_experiment_prolific:4","mk:real_meeting_experiment_prolific:4p8","mk:real_meeting_experiment_prolific:4p5","mk:real_meeting_experiment_prolific:4_20",NA
"281","mk:real_meeting_experiment_prolific:4","mk:real_meeting_experiment_prolific:4p7","mk:real_meeting_experiment_prolific:4p8","mk:real_meeting_experiment_prolific:4_21",NA
"282","mk:real_meeting_experiment_prolific:4","mk:real_meeting_experiment_prolific:4p8","mk:real_meeting_experiment_prolific:4p7","mk:real_meeting_experiment_prolific:4_21",NA
"283","mk:real_meeting_experiment_prolific:5","mk:real_meeting_experiment_prolific:5p3","mk:real_meeting_experiment_prolific:5p4","mk:real_meeting_experiment_prolific:5_1",NA
"284","mk:real_meeting_experiment_prolific:5","mk:real_meeting_experiment_prolific:5p4","mk:real_meeting_experiment_prolific:5p3","mk:real_meeting_experiment_prolific:5_1",NA
"285","mk:real_meeting_experiment_prolific:5","mk:real_meeting_experiment_prolific:5p3","mk:real_meeting_experiment_prolific:5p5","mk:real_meeting_experiment_prolific:5_2",NA
"286","mk:real_meeting_experiment_prolific:5","mk:real_meeting_experiment_prolific:5p5","mk:real_meeting_experiment_prolific:5p3","mk:real_meeting_experiment_prolific:5_2",-1.24723469193907
"287","mk:real_meeting_experiment_prolific:5","mk:real_meeting_experiment_prolific:5p3","mk:real_meeting_experiment_prolific:5p6","mk:real_meeting_experiment_prolific:5_3",0.124405347012722
"288","mk:real_meeting_experiment_prolific:5","mk:real_meeting_experiment_prolific:5p6","mk:real_meeting_experiment_prolific:5p3","mk:real_meeting_experiment_prolific:5_3",0.49811938994724
"289","mk:real_meeting_experiment_prolific:5","mk:real_meeting_experiment_prolific:5p3","mk:real_meeting_experiment_prolific:5p7","mk:real_meeting_experiment_prolific:5_4",0.0306982139537375
"290","mk:real_meeting_experiment_prolific:5","mk:real_meeting_experiment_prolific:5p7","mk:real_meeting_experiment_prolific:5p3","mk:real_meeting_experiment_prolific:5_4",0.654069321360133
"291","mk:real_meeting_experiment_prolific:5","mk:real_meeting_experiment_prolific:5p3","mk:real_meeting_experiment_prolific:5p8","mk:real_meeting_experiment_prolific:5_5",NA
"292","mk:real_meeting_experiment_prolific:5","mk:real_meeting_experiment_prolific:5p8","mk:real_meeting_experiment_prolific:5p3","mk:real_meeting_experiment_prolific:5_5",NA
"293","mk:real_meeting_experiment_prolific:5","mk:real_meeting_experiment_prolific:5p4","mk:real_meeting_experiment_prolific:5p5","mk:real_meeting_experiment_prolific:5_6",-1.15990791535926
"294","mk:real_meeting_experiment_prolific:5","mk:real_meeting_experiment_prolific:5p5","mk:real_meeting_experiment_prolific:5p4","mk:real_meeting_experiment_prolific:5_6",-0.43698570287513
"295","mk:real_meeting_experiment_prolific:5","mk:real_meeting_experiment_prolific:5p4","mk:real_meeting_experiment_prolific:5p6","mk:real_meeting_experiment_prolific:5_7",0.547046259848231
"296","mk:real_meeting_experiment_prolific:5","mk:real_meeting_experiment_prolific:5p6","mk:real_meeting_experiment_prolific:5p4","mk:real_meeting_experiment_prolific:5_7",-0.691631620988816
"297","mk:real_meeting_experiment_prolific:5","mk:real_meeting_experiment_prolific:5p4","mk:real_meeting_experiment_prolific:5p7","mk:real_meeting_experiment_prolific:5_8",0.453339126789246
"298","mk:real_meeting_experiment_prolific:5","mk:real_meeting_experiment_prolific:5p7","mk:real_meeting_experiment_prolific:5p4","mk:real_meeting_experiment_prolific:5_8",0.464318310424077
"299","mk:real_meeting_experiment_prolific:5","mk:real_meeting_experiment_prolific:5p4","mk:real_meeting_experiment_prolific:5p8","mk:real_meeting_experiment_prolific:5_9",0.00907523363505991
"300","mk:real_meeting_experiment_prolific:5","mk:real_meeting_experiment_prolific:5p8","mk:real_meeting_experiment_prolific:5p4","mk:real_meeting_experiment_prolific:5_9",0.821444983904616
"301","mk:real_meeting_experiment_prolific:5","mk:real_meeting_experiment_prolific:5p5","mk:real_meeting_experiment_prolific:5p6","mk:real_meeting_experiment_prolific:5_10",NA
"302","mk:real_meeting_experiment_prolific:5","mk:real_meeting_experiment_prolific:5p6","mk:real_meeting_experiment_prolific:5p5","mk:real_meeting_experiment_prolific:5_10",NA
"303","mk:real_meeting_experiment_prolific:5","mk:real_meeting_experiment_prolific:5p5","mk:real_meeting_experiment_prolific:5p7","mk:real_meeting_experiment_prolific:5_11",NA
"304","mk:real_meeting_experiment_prolific:5","mk:real_meeting_experiment_prolific:5p7","mk:real_meeting_experiment_prolific:5p5","mk:real_meeting_experiment_prolific:5_11",NA
"305","mk:real_meeting_experiment_prolific:5","mk:real_meeting_experiment_prolific:5p5","mk:real_meeting_experiment_prolific:5p8","mk:real_meeting_experiment_prolific:5_12",NA
"306","mk:real_meeting_experiment_prolific:5","mk:real_meeting_experiment_prolific:5p8","mk:real_meeting_experiment_prolific:5p5","mk:real_meeting_experiment_prolific:5_12",NA
"307","mk:real_meeting_experiment_prolific:5","mk:real_meeting_experiment_prolific:5p6","mk:real_meeting_experiment_prolific:5p7","mk:real_meeting_experiment_prolific:5_13",NA
"308","mk:real_meeting_experiment_prolific:5","mk:real_meeting_experiment_prolific:5p7","mk:real_meeting_experiment_prolific:5p6","mk:real_meeting_experiment_prolific:5_13",NA
"309","mk:real_meeting_experiment_prolific:5","mk:real_meeting_experiment_prolific:5p6","mk:real_meeting_experiment_prolific:5p8","mk:real_meeting_experiment_prolific:5_14",NA
"310","mk:real_meeting_experiment_prolific:5","mk:real_meeting_experiment_prolific:5p8","mk:real_meeting_experiment_prolific:5p6","mk:real_meeting_experiment_prolific:5_14",NA
"311","mk:real_meeting_experiment_prolific:5","mk:real_meeting_experiment_prolific:5p7","mk:real_meeting_experiment_prolific:5p8","mk:real_meeting_experiment_prolific:5_15",NA
"312","mk:real_meeting_experiment_prolific:5","mk:real_meeting_experiment_prolific:5p8","mk:real_meeting_experiment_prolific:5p7","mk:real_meeting_experiment_prolific:5_15",NA
"313","mk:real_meeting_experiment_prolific:6","mk:real_meeting_experiment_prolific:6p1","mk:real_meeting_experiment_prolific:6p2","mk:real_meeting_experiment_prolific:6_1",NA
"314","mk:real_meeting_experiment_prolific:6","mk:real_meeting_experiment_prolific:6p2","mk:real_meeting_experiment_prolific:6p1","mk:real_meeting_experiment_prolific:6_1",NA
"315","mk:real_meeting_experiment_prolific:6","mk:real_meeting_experiment_prolific:6p1","mk:real_meeting_experiment_prolific:6p3","mk:real_meeting_experiment_prolific:6_2",NA
"316","mk:real_meeting_experiment_prolific:6","mk:real_meeting_experiment_prolific:6p3","mk:real_meeting_experiment_prolific:6p1","mk:real_meeting_experiment_prolific:6_2",NA
"317","mk:real_meeting_experiment_prolific:6","mk:real_meeting_experiment_prolific:6p1","mk:real_meeting_experiment_prolific:6p4","mk:real_meeting_experiment_prolific:6_3",NA
"318","mk:real_meeting_experiment_prolific:6","mk:real_meeting_experiment_prolific:6p4","mk:real_meeting_experiment_prolific:6p1","mk:real_meeting_experiment_prolific:6_3",NA
"319","mk:real_meeting_experiment_prolific:6","mk:real_meeting_experiment_prolific:6p1","mk:real_meeting_experiment_prolific:6p5","mk:real_meeting_experiment_prolific:6_4",0.61832682291667
"320","mk:real_meeting_experiment_prolific:6","mk:real_meeting_experiment_prolific:6p5","mk:real_meeting_experiment_prolific:6p1","mk:real_meeting_experiment_prolific:6_4",0.24235026041667
"321","mk:real_meeting_experiment_prolific:6","mk:real_meeting_experiment_prolific:6p1","mk:real_meeting_experiment_prolific:6p6","mk:real_meeting_experiment_prolific:6_5",-1.78385416666666
"322","mk:real_meeting_experiment_prolific:6","mk:real_meeting_experiment_prolific:6p6","mk:real_meeting_experiment_prolific:6p1","mk:real_meeting_experiment_prolific:6_5",0.00716145833333659
"323","mk:real_meeting_experiment_prolific:6","mk:real_meeting_experiment_prolific:6p1","mk:real_meeting_experiment_prolific:6p7","mk:real_meeting_experiment_prolific:6_6",0.45133463541667
"324","mk:real_meeting_experiment_prolific:6","mk:real_meeting_experiment_prolific:6p7","mk:real_meeting_experiment_prolific:6p1","mk:real_meeting_experiment_prolific:6_6",0.409342447916669
"325","mk:real_meeting_experiment_prolific:6","mk:real_meeting_experiment_prolific:6p1","mk:real_meeting_experiment_prolific:6p8","mk:real_meeting_experiment_prolific:6_7",0.40983072916667
"326","mk:real_meeting_experiment_prolific:6","mk:real_meeting_experiment_prolific:6p8","mk:real_meeting_experiment_prolific:6p1","mk:real_meeting_experiment_prolific:6_7",-0.13313802083333
"327","mk:real_meeting_experiment_prolific:6","mk:real_meeting_experiment_prolific:6p2","mk:real_meeting_experiment_prolific:6p3","mk:real_meeting_experiment_prolific:6_8",NA
"328","mk:real_meeting_experiment_prolific:6","mk:real_meeting_experiment_prolific:6p3","mk:real_meeting_experiment_prolific:6p2","mk:real_meeting_experiment_prolific:6_8",NA
"329","mk:real_meeting_experiment_prolific:6","mk:real_meeting_experiment_prolific:6p2","mk:real_meeting_experiment_prolific:6p4","mk:real_meeting_experiment_prolific:6_9",NA
"330","mk:real_meeting_experiment_prolific:6","mk:real_meeting_experiment_prolific:6p4","mk:real_meeting_experiment_prolific:6p2","mk:real_meeting_experiment_prolific:6_9",NA
"331","mk:real_meeting_experiment_prolific:6","mk:real_meeting_experiment_prolific:6p2","mk:real_meeting_experiment_prolific:6p5","mk:real_meeting_experiment_prolific:6_10",-0.562499999999998
"332","mk:real_meeting_experiment_prolific:6","mk:real_meeting_experiment_prolific:6p5","mk:real_meeting_experiment_prolific:6p2","mk:real_meeting_experiment_prolific:6_10",0.228515625000003
"333","mk:real_meeting_experiment_prolific:6","mk:real_meeting_experiment_prolific:6p2","mk:real_meeting_experiment_prolific:6p6","mk:real_meeting_experiment_prolific:6_11",0.0353190104166679
"334","mk:real_meeting_experiment_prolific:6","mk:real_meeting_experiment_prolific:6p6","mk:real_meeting_experiment_prolific:6p2","mk:real_meeting_experiment_prolific:6_11",-0.00667317708333037
"335","mk:real_meeting_experiment_prolific:6","mk:real_meeting_experiment_prolific:6p2","mk:real_meeting_experiment_prolific:6p7","mk:real_meeting_experiment_prolific:6_12",0.270507812500002
"336","mk:real_meeting_experiment_prolific:6","mk:real_meeting_experiment_prolific:6p7","mk:real_meeting_experiment_prolific:6p2","mk:real_meeting_experiment_prolific:6_12",0.395507812500002
"337","mk:real_meeting_experiment_prolific:6","mk:real_meeting_experiment_prolific:6p2","mk:real_meeting_experiment_prolific:6p8","mk:real_meeting_experiment_prolific:6_13",0.229003906250002
"338","mk:real_meeting_experiment_prolific:6","mk:real_meeting_experiment_prolific:6p8","mk:real_meeting_experiment_prolific:6p2","mk:real_meeting_experiment_prolific:6_13",-0.146972656249997
"339","mk:real_meeting_experiment_prolific:6","mk:real_meeting_experiment_prolific:6p3","mk:real_meeting_experiment_prolific:6p4","mk:real_meeting_experiment_prolific:6_14",NA
"340","mk:real_meeting_experiment_prolific:6","mk:real_meeting_experiment_prolific:6p4","mk:real_meeting_experiment_prolific:6p3","mk:real_meeting_experiment_prolific:6_14",NA
"341","mk:real_meeting_experiment_prolific:6","mk:real_meeting_experiment_prolific:6p3","mk:real_meeting_experiment_prolific:6p5","mk:real_meeting_experiment_prolific:6_15",-0.117838541666664
"342","mk:real_meeting_experiment_prolific:6","mk:real_meeting_experiment_prolific:6p5","mk:real_meeting_experiment_prolific:6p3","mk:real_meeting_experiment_prolific:6_15",0.341145833333336
"343","mk:real_meeting_experiment_prolific:6","mk:real_meeting_experiment_prolific:6p3","mk:real_meeting_experiment_prolific:6p6","mk:real_meeting_experiment_prolific:6_16",0.479980468750002
"344","mk:real_meeting_experiment_prolific:6","mk:real_meeting_experiment_prolific:6p6","mk:real_meeting_experiment_prolific:6p3","mk:real_meeting_experiment_prolific:6_16",-0.894042968749997
"345","mk:real_meeting_experiment_prolific:6","mk:real_meeting_experiment_prolific:6p3","mk:real_meeting_experiment_prolific:6p7","mk:real_meeting_experiment_prolific:6_17",-0.284830729166664
"346","mk:real_meeting_experiment_prolific:6","mk:real_meeting_experiment_prolific:6p7","mk:real_meeting_experiment_prolific:6p3","mk:real_meeting_experiment_prolific:6_17",-1.49186197916667
"347","mk:real_meeting_experiment_prolific:6","mk:real_meeting_experiment_prolific:6p3","mk:real_meeting_experiment_prolific:6p8","mk:real_meeting_experiment_prolific:6_18",-0.326334635416664
"348","mk:real_meeting_experiment_prolific:6","mk:real_meeting_experiment_prolific:6p8","mk:real_meeting_experiment_prolific:6p3","mk:real_meeting_experiment_prolific:6_18",0.965657552083336
"349","mk:real_meeting_experiment_prolific:6","mk:real_meeting_experiment_prolific:6p4","mk:real_meeting_experiment_prolific:6p5","mk:real_meeting_experiment_prolific:6_19",0.0896809895833357
"350","mk:real_meeting_experiment_prolific:6","mk:real_meeting_experiment_prolific:6p5","mk:real_meeting_experiment_prolific:6p4","mk:real_meeting_experiment_prolific:6_19",-0.618326822916663
"351","mk:real_meeting_experiment_prolific:6","mk:real_meeting_experiment_prolific:6p4","mk:real_meeting_experiment_prolific:6p6","mk:real_meeting_experiment_prolific:6_20",0.687500000000002
"352","mk:real_meeting_experiment_prolific:6","mk:real_meeting_experiment_prolific:6p6","mk:real_meeting_experiment_prolific:6p4","mk:real_meeting_experiment_prolific:6_20",0.146484375000004
"353","mk:real_meeting_experiment_prolific:6","mk:real_meeting_experiment_prolific:6p4","mk:real_meeting_experiment_prolific:6p7","mk:real_meeting_experiment_prolific:6_21",-0.0773111979166643
"354","mk:real_meeting_experiment_prolific:6","mk:real_meeting_experiment_prolific:6p7","mk:real_meeting_experiment_prolific:6p4","mk:real_meeting_experiment_prolific:6_21",0.548665364583336
"355","mk:real_meeting_experiment_prolific:6","mk:real_meeting_experiment_prolific:6p4","mk:real_meeting_experiment_prolific:6p8","mk:real_meeting_experiment_prolific:6_22",-0.118815104166664
"356","mk:real_meeting_experiment_prolific:6","mk:real_meeting_experiment_prolific:6p8","mk:real_meeting_experiment_prolific:6p4","mk:real_meeting_experiment_prolific:6_22",0.00618489583333659
"357","mk:real_meeting_experiment_prolific:6","mk:real_meeting_experiment_prolific:6p5","mk:real_meeting_experiment_prolific:6p6","mk:real_meeting_experiment_prolific:6_23",NA
"358","mk:real_meeting_experiment_prolific:6","mk:real_meeting_experiment_prolific:6p6","mk:real_meeting_experiment_prolific:6p5","mk:real_meeting_experiment_prolific:6_23",NA
"359","mk:real_meeting_experiment_prolific:6","mk:real_meeting_experiment_prolific:6p5","mk:real_meeting_experiment_prolific:6p7","mk:real_meeting_experiment_prolific:6_24",NA
"360","mk:real_meeting_experiment_prolific:6","mk:real_meeting_experiment_prolific:6p7","mk:real_meeting_experiment_prolific:6p5","mk:real_meeting_experiment_prolific:6_24",NA
"361","mk:real_meeting_experiment_prolific:6","mk:real_meeting_experiment_prolific:6p5","mk:real_meeting_experiment_prolific:6p8","mk:real_meeting_experiment_prolific:6_25",NA
"362","mk:real_meeting_experiment_prolific:6","mk:real_meeting_experiment_prolific:6p8","mk:real_meeting_experiment_prolific:6p5","mk:real_meeting_experiment_prolific:6_25",NA
"363","mk:real_meeting_experiment_prolific:6","mk:real_meeting_experiment_prolific:6p6","mk:real_meeting_experiment_prolific:6p7","mk:real_meeting_experiment_prolific:6_26",NA
"364","mk:real_meeting_experiment_prolific:6","mk:real_meeting_experiment_prolific:6p7","mk:real_meeting_experiment_prolific:6p6","mk:real_meeting_experiment_prolific:6_26",NA
"365","mk:real_meeting_experiment_prolific:6","mk:real_meeting_experiment_prolific:6p6","mk:real_meeting_experiment_prolific:6p8","mk:real_meeting_experiment_prolific:6_27",NA
"366","mk:real_meeting_experiment_prolific:6","mk:real_meeting_experiment_prolific:6p8","mk:real_meeting_experiment_prolific:6p6","mk:real_meeting_experiment_prolific:6_27",NA
"367","mk:real_meeting_experiment_prolific:6","mk:real_meeting_experiment_prolific:6p7","mk:real_meeting_experiment_prolific:6p8","mk:real_meeting_experiment_prolific:6_28",NA
"368","mk:real_meeting_experiment_prolific:6","mk:real_meeting_experiment_prolific:6p8","mk:real_meeting_experiment_prolific:6p7","mk:real_meeting_experiment_prolific:6_28",NA
